nodeID,nodeUserID,nodeTime,actionType,videoID,platform
dwzhjuz,ThirtyAxes,2018-04-07 21:28:29,comment,8LnVHw96jFs,reddit
dwznuk7,ThirtyAxes,2018-04-07 23:28:10,comment,8LnVHw96jFs,reddit
dwzvxo1,DiogenesHoSinopeus,2018-04-08 02:01:49,comment,8LnVHw96jFs,reddit
dwzwc3c,avivi_,2018-04-08 02:09:43,comment,OI3-0xIcvgI,reddit
dx0c36e,barkologix,2018-04-08 08:50:12,comment,R6utDs1b_TU,reddit
dx0cb57,SweatyAlready,2018-04-08 08:59:17,comment,9rOL7fYyRQo,reddit
dx0nen3,CresendoCreature,2018-04-08 14:49:39,comment,8LnVHw96jFs,reddit
dx0pidm,Korean_Kommando,2018-04-08 15:28:16,comment,8LnVHw96jFs,reddit
dx0pr30,op-return,2018-04-08 15:32:35,comment,ytpt4sgoxYI,reddit
dx0va6v,najajomo,2018-04-08 17:08:00,comment,EG6gb31VJHA,reddit
dx105kt,DoveDizzle,2018-04-08 18:29:50,comment,3vNwe7yKbwo,reddit
dx1kdeo,akilyoung,2018-04-09 00:10:57,comment,3HCFol7g-FU,reddit
dx1nsr7,Shit___Taco,2018-04-09 01:08:40,comment,sjp7c_6xjqs,reddit
dx1tfqu,0ldBasterd,2018-04-09 02:43:45,comment,R6utDs1b_TU,reddit
dx22veg,Qwaszx93,2018-04-09 06:02:29,comment,ytpt4sgoxYI,reddit
dx2geiu,Mentioned_Videos,2018-04-09 13:21:19,comment,R6utDs1b_TU,reddit
dx2zyjd,NerdBlood,2018-04-09 18:26:30,comment,3vNwe7yKbwo,reddit
dx3jhcm,Morgax,2018-04-09 23:26:12,comment,8aAaReVn2I4,reddit
dx3kppv,the1who_ringsthebell,2018-04-09 23:46:45,comment,8LnVHw96jFs,reddit
dx3uzkp,jeffroyo,2018-04-10 02:34:22,comment,wV75b-j2vIQ,reddit
dx49ls4,WhenIsNezzy2Quest,2018-04-10 09:02:27,comment,SvjTeuSKTW0,reddit
dx4yinv,TweetsInCommentsBot,2018-04-10 17:37:31,comment,o5ZeRxyc4h0,reddit
dx5671y,TweetsInCommentsBot,2018-04-10 19:28:44,comment,o5ZeRxyc4h0,reddit
dx5ensk,johnknoefler,2018-04-10 21:23:48,comment,3HCFol7g-FU,reddit
dx5ifah,rackham15,2018-04-10 22:22:33,comment,3vNwe7yKbwo,reddit
dx5jgmc,rackham15,2018-04-10 22:40:02,comment,3HCFol7g-FU,reddit
dx6jaxv,britpool,2018-04-11 12:50:53,comment,3HCFol7g-FU,reddit
dx6r9d0,res035,2018-04-11 15:06:49,comment,3HCFol7g-FU,reddit
dx70b43,kaiffari,2018-04-11 17:21:22,comment,3vNwe7yKbwo,reddit
dx77sv1,FartOnToast,2018-04-11 19:10:32,comment,R6utDs1b_TU,reddit
dx7nqh4,ShinigamiSirius,2018-04-11 23:07:29,comment,3vNwe7yKbwo,reddit
dx7r61x,DaEnemyWithin,2018-04-12 00:04:37,comment,3wj4ncIEDxw,reddit
dx7s84n,YxDOxUx3X515t,2018-04-12 00:22:04,comment,3vNwe7yKbwo,reddit
dx890bq,rigorousintuition,2018-04-12 05:27:18,comment,3vNwe7yKbwo,reddit
dx8cz05,formulated,2018-04-12 07:33:29,comment,3vNwe7yKbwo,reddit
dx8h5jo,Mentioned_Videos,2018-04-12 10:17:24,comment,3vNwe7yKbwo,reddit
dx8ivwt,Jeyhawker,2018-04-12 11:14:47,comment,NQL3rX6xWRg,reddit
dx8kz16,MKULTRAserialkillers,2018-04-12 12:09:45,comment,xR1Vs5fZltY,reddit
dx8n8sm,tradinghorse,2018-04-12 12:58:20,comment,3HCFol7g-FU,reddit
dx8oyzw,C_L_I_C_K,2018-04-12 13:30:40,comment,ytpt4sgoxYI,reddit
dx8ttjh,YxDOxUx3X515t,2018-04-12 14:49:45,comment,3vNwe7yKbwo,reddit
dx8voru,Pure_Feature,2018-04-12 15:17:50,comment,CJ3KfEdTT3Y,reddit
dx946a2,ny1111,2018-04-12 17:21:20,comment,3vNwe7yKbwo,reddit
dx94dl2,ClarityofSignal1,2018-04-12 17:24:17,comment,HIjne4Rwteo,reddit
dx9pe6t,ShinigamiSirius,2018-04-12 22:46:06,comment,NQL3rX6xWRg,reddit
dx9pnlo,unilateral9999,2018-04-12 22:50:38,comment,3HCFol7g-FU,reddit
dx9q2do,cemki,2018-04-12 22:57:42,comment,R6utDs1b_TU,reddit
dx9tclf,Jeyhawker,2018-04-12 23:53:47,comment,NQL3rX6xWRg,reddit
dx9w2it,Mentioned_Videos,2018-04-13 00:40:03,comment,3HCFol7g-FU,reddit
dx9wc34,rigorousintuition,2018-04-13 00:44:35,comment,3vNwe7yKbwo,reddit
dx9zb5b,rigorousintuition,2018-04-13 01:34:48,comment,3vNwe7yKbwo,reddit
dxa0ate,666exit666,2018-04-13 01:50:54,comment,3vNwe7yKbwo,reddit
dxa60ij,rigorousintuition,2018-04-13 03:37:12,comment,3vNwe7yKbwo,reddit
dxa7bye,sparkreason,2018-04-13 04:03:59,comment,DnnGFgeSoOY,reddit
dxakh5z,Turist0AT,2018-04-13 11:04:59,comment,EG6gb31VJHA,reddit
dxax3x9,Dude_NL,2018-04-13 15:09:30,comment,3wj4ncIEDxw,reddit
dxb15s0,JKwingsfan,2018-04-13 16:08:35,comment,jNIp1lZwJts,reddit
dxb3d5x,[deleted],2018-04-13 16:40:50,comment,J2mWdvgCOqs,reddit
dxb59te,mcnastytk,2018-04-13 17:08:35,comment,3wj4ncIEDxw,reddit
dxbd8c6,Osmium_tetraoxide,2018-04-13 19:06:19,comment,SvjTeuSKTW0,reddit
dxbemr4,Thordenn,2018-04-13 19:27:42,comment,sBmWe5FnSCc,reddit
dxbeoca,Thordenn,2018-04-13 19:28:23,comment,sBmWe5FnSCc,reddit
dxbgxbo,Victuswolf,2018-04-13 20:02:35,comment,SvjTeuSKTW0,reddit
dxbk48l,ThirtyAxes,2018-04-13 20:53:20,comment,8LnVHw96jFs,reddit
dxbk991,ThirtyAxes,2018-04-13 20:55:32,comment,8LnVHw96jFs,reddit
dxbnhth,blobbyblobbyblobby,2018-04-13 21:49:47,comment,SvjTeuSKTW0,reddit
dxbnigv,Mentioned_Videos,2018-04-13 21:50:05,comment,J2mWdvgCOqs,reddit
dxbnjk2,[deleted],2018-04-13 21:50:36,comment,sBmWe5FnSCc,reddit
dxc6g4z,harisshahzad98,2018-04-14 03:43:44,comment,jNIp1lZwJts,reddit
dxc74p9,harisshahzad98,2018-04-14 03:58:44,comment,jNIp1lZwJts,reddit
dxc7nmv,harisshahzad98,2018-04-14 04:10:45,comment,jNIp1lZwJts,reddit
dxc7r5j,harisshahzad98,2018-04-14 04:13:01,comment,jNIp1lZwJts,reddit
dxcacy5,TuckerPucker,2018-04-14 05:18:09,comment,3HCFol7g-FU,reddit
dxcdi20,MrYOLOMcSwagMeister,2018-04-14 06:50:31,comment,SvjTeuSKTW0,reddit
dxcdulu,the_raucous_one,2018-04-14 07:02:19,comment,jNIp1lZwJts,reddit
dxcemxq,[deleted],2018-04-14 07:30:09,comment,sBmWe5FnSCc,reddit
dxchx6n,Peil,2018-04-14 09:46:58,comment,R6utDs1b_TU,reddit
dxcinf2,flalas,2018-04-14 10:19:47,comment,jNIp1lZwJts,reddit
dxckir3,kingofkindom,2018-04-14 11:35:00,comment,sBmWe5FnSCc,reddit
dxcmb1y,[deleted],2018-04-14 12:32:22,comment,sBmWe5FnSCc,reddit
dxcpf1p,slickdevil1,2018-04-14 13:52:23,comment,3vNwe7yKbwo,reddit
dxcq144,the_dark_dark,2018-04-14 14:06:27,comment,jNIp1lZwJts,reddit
dxcqdcv,the_dark_dark,2018-04-14 14:13:52,comment,jNIp1lZwJts,reddit
dxcwkv8,CommentArchiverBot,2018-04-14 16:17:35,comment,3vNwe7yKbwo,reddit
dxcym86,ngzues,2018-04-14 16:55:48,comment,3vNwe7yKbwo,reddit
dxd3tke,CommentArchiverBot,2018-04-14 18:30:12,comment,3HCFol7g-FU,reddit
dxd3tm3,CommentArchiverBot,2018-04-14 18:30:13,comment,3HCFol7g-FU,reddit
dxd4ktf,Swagdalf_the_meme,2018-04-14 18:44:08,comment,sBmWe5FnSCc,reddit
dxd8kf4,DaviDunn,2018-04-14 19:55:21,comment,R6utDs1b_TU,reddit
dxda9gc,ZeGodEmperor,2018-04-14 20:25:49,comment,sBmWe5FnSCc,reddit
dxdbhbw,Erulian,2018-04-14 20:47:36,comment,3vNwe7yKbwo,reddit
dxde358,Swagdalf_the_meme,2018-04-14 21:35:08,comment,sBmWe5FnSCc,reddit
dxdzk1t,IH8RedditMods,2018-04-15 04:39:06,comment,J2mWdvgCOqs,reddit
dxe9zsn,defenestration-brusq,2018-04-15 10:46:11,comment,3HCFol7g-FU,reddit
dxejyxo,ngzues,2018-04-15 15:17:37,comment,3vNwe7yKbwo,reddit
dxewdre,Vasyh,2018-04-15 18:54:56,comment,sBmWe5FnSCc,reddit
dxex2b8,Vasyh,2018-04-15 19:06:41,comment,sBmWe5FnSCc,reddit
dxf148k,BellaAlex,2018-04-15 20:13:50,comment,NQL3rX6xWRg,reddit
dxfa8b4,GlennDames,2018-04-15 22:49:34,comment,tvVaG10AEI0,reddit
dxfdl1w,commit1,2018-04-15 23:52:52,comment,sBmWe5FnSCc,reddit
dxfof34,rigorousintuition,2018-04-16 03:16:13,comment,3vNwe7yKbwo,reddit
dxfoxjt,rigorousintuition,2018-04-16 03:25:38,comment,3vNwe7yKbwo,reddit
dxfpd1f,rigorousintuition,2018-04-16 03:33:50,comment,3vNwe7yKbwo,reddit
dxfrkev,rigorousintuition,2018-04-16 04:20:56,comment,3vNwe7yKbwo,reddit
dxfzrsf,IH8RedditMods,2018-04-16 08:44:48,comment,3HCFol7g-FU,reddit
dxg0foh,tieyourshoe,2018-04-16 09:13:23,comment,3vNwe7yKbwo,reddit
dxg11np,IH8RedditMods,2018-04-16 09:39:24,comment,3HCFol7g-FU,reddit
dxg1gx7,Victuswolf,2018-04-16 09:57:08,comment,SvjTeuSKTW0,reddit
dxh04i5,tieyourshoe,2018-04-16 20:22:36,comment,3vNwe7yKbwo,reddit
dxh6eud,sektabox,2018-04-16 22:01:55,comment,5k6hSS6xBTw,reddit
dxh6xf1,tieyourshoe,2018-04-16 22:10:35,comment,3vNwe7yKbwo,reddit
dxi5rsp,autospincasino,2018-04-17 11:31:54,comment,ePwLzxad-9A,reddit
dxildm8,WhenIsNezzy2Quest,2018-04-17 16:12:59,comment,SvjTeuSKTW0,reddit
dxj1l3j,[deleted],2018-04-17 20:06:14,comment,sBmWe5FnSCc,reddit
dxjehcf,tieyourshoe,2018-04-17 23:32:04,comment,3vNwe7yKbwo,reddit
dxjiphu,PriorConversation,2018-04-18 00:42:30,comment,5k6hSS6xBTw,reddit
dxjyi31,IH8RedditMods,2018-04-18 05:28:30,comment,J2mWdvgCOqs,reddit
dxjyiqa,IH8RedditMods,2018-04-18 05:28:58,comment,J2mWdvgCOqs,reddit
dxjyrdu,SocraticMethHead,2018-04-18 05:35:18,comment,3vNwe7yKbwo,reddit
dxjzned,IH8RedditMods,2018-04-18 05:59:35,comment,rBIC-wrAOGQ,reddit
dxkjo0m,Vasyh,2018-04-18 14:56:16,comment,igJz8FAxppc,reddit
dxm7at4,[deleted],2018-04-19 08:52:23,comment,J2mWdvgCOqs,reddit
dxmryib,bBAMEr,2018-04-19 16:25:09,comment,OBkn78q_t_Q,reddit
dxne0jn,therainbowunicron,2018-04-19 21:52:00,comment,jNIp1lZwJts,reddit
dxnif4z,shaferballs,2018-04-19 23:08:26,comment,3vNwe7yKbwo,reddit
dxnlrpn,nietzkore,2018-04-20 00:07:42,comment,OBkn78q_t_Q,reddit
dxnp0ke,black4869,2018-04-20 01:04:05,comment,Jq4LEIO740A,reddit
dxnwcgq,lurkadurking,2018-04-20 03:33:31,comment,7R2QhK0-Pe8,reddit
dxo53is,casapulapula,2018-04-20 07:26:52,comment,3vNwe7yKbwo,reddit
dxois6x,No_Fake_News,2018-04-20 13:58:26,comment,5jCHvtVpdfQ,reddit
dxomlek,No_Fake_News,2018-04-20 14:59:25,comment,5jCHvtVpdfQ,reddit
dxon4w5,Onetrack,2018-04-20 15:07:43,comment,yaZRZo9FGQI,reddit
dxp26xz,tackackack,2018-04-20 18:54:49,comment,ra3q0I1vcew,reddit
dxpgz6f,Toorizzle,2018-04-20 23:11:26,comment,yaZRZo9FGQI,reddit
dxq93cl,casapulapula,2018-04-21 12:21:57,comment,3vNwe7yKbwo,reddit
dxqbjui,theyreallinonit,2018-04-21 13:30:09,comment,3HCFol7g-FU,reddit
dxqhwqs,schill_ya_later,2018-04-21 15:49:43,comment,yaZRZo9FGQI,reddit
dxqihao,shaferballs,2018-04-21 16:00:58,comment,3vNwe7yKbwo,reddit
dxqj9rm,Toorizzle,2018-04-21 16:16:37,comment,yaZRZo9FGQI,reddit
dxqmflw,pepelebadboy,2018-04-21 17:16:22,comment,J2mWdvgCOqs,reddit
dxqx877,Victuswolf,2018-04-21 20:37:25,comment,NQL3rX6xWRg,reddit
dxqzuee,Victuswolf,2018-04-21 21:25:42,comment,NQL3rX6xWRg,reddit
dxqzz0c,Lewisb2,2018-04-21 21:28:11,comment,NQL3rX6xWRg,reddit
dxr0psw,Victuswolf,2018-04-21 21:42:50,comment,NQL3rX6xWRg,reddit
dxrl1ts,sektabox,2018-04-22 04:43:22,comment,yaZRZo9FGQI,reddit
dxrvke4,NonnyO,2018-04-22 11:03:14,comment,DCu8mNC1JyE,reddit
dxs3cn1,perkel666,2018-04-22 14:41:55,comment,DCu8mNC1JyE,reddit
dxs7a3y,vigorous,2018-04-22 15:58:12,comment,DCu8mNC1JyE,reddit
dxs9gbb,vigorous,2018-04-22 16:38:35,comment,DCu8mNC1JyE,reddit
dxsgqq7,zenicaone,2018-04-22 18:49:55,comment,DCu8mNC1JyE,reddit
dxsjxdk,Bbrhuft,2018-04-22 19:44:21,comment,lC7ZxdFzdzQ,reddit
dxsrbj5,sproket999,2018-04-22 21:52:35,comment,DCu8mNC1JyE,reddit
dxsukc8,VanuatuVillian,2018-04-22 22:51:35,comment,DCu8mNC1JyE,reddit
dxt360n,upvoatz,2018-04-23 01:38:23,comment,DCu8mNC1JyE,reddit
dxtotrd,_NerdKelly_,2018-04-23 11:56:24,comment,DCu8mNC1JyE,reddit
dxts82d,Bbrhuft,2018-04-23 13:16:36,comment,sBmWe5FnSCc,reddit
dxu0uo2,Projectrage,2018-04-23 15:43:03,comment,DCu8mNC1JyE,reddit
dxud6da,_NerdKelly_,2018-04-23 18:48:39,comment,DCu8mNC1JyE,reddit
dxvvacd,IH8RedditMods,2018-04-24 14:03:55,comment,tvVaG10AEI0,reddit
dxw4y39,PuffingDragon,2018-04-24 16:32:01,comment,DCu8mNC1JyE,reddit
dxw7zxk,GlennDames,2018-04-24 17:16:24,comment,HIjne4Rwteo,reddit
dxw85f5,GlennDames,2018-04-24 17:18:35,comment,J5ivyaEm7Oo,reddit
dxwd9wy,SirKeplan,2018-04-24 18:31:11,comment,yaZRZo9FGQI,reddit
dxweub2,TheQueenJongEel,2018-04-24 18:53:22,comment,DCu8mNC1JyE,reddit
dy00wej,TweetsInCommentsBot,2018-04-26 13:40:58,comment,yaZRZo9FGQI,reddit
dy0ofhu,Bbrhuft,2018-04-26 19:29:36,comment,yaZRZo9FGQI,reddit
dy0qis6,Bbrhuft,2018-04-26 20:00:00,comment,sBmWe5FnSCc,reddit
dy0r9pm,Bbrhuft,2018-04-26 20:11:11,comment,sBmWe5FnSCc,reddit
dy0t2p2,Bbrhuft,2018-04-26 20:37:17,comment,yaZRZo9FGQI,reddit
dy0ucto,Bbrhuft,2018-04-26 20:56:12,comment,sBmWe5FnSCc,reddit
dy10cxn,tackackack,2018-04-26 22:34:40,comment,ra3q0I1vcew,reddit
dy3xtae,TweetsInCommentsBot,2018-04-28 10:38:45,comment,igJz8FAxppc,reddit
dy4a20t,DudeWithLube,2018-04-28 15:51:20,comment,0QfwJ_PyiaU,reddit
dy584xh,corncrackjimmycare,2018-04-29 02:42:37,comment,yaZRZo9FGQI,reddit
dy6cqan,gematrix,2018-04-29 19:32:19,comment,hoXr3lvoyc4,reddit
dyergo9,TheKolbrin,2018-05-03 23:14:15,comment,DCu8mNC1JyE,reddit
dyerkwn,TheKolbrin,2018-05-03 23:16:12,comment,DCu8mNC1JyE,reddit
dyernjh,TheKolbrin,2018-05-03 23:17:26,comment,DCu8mNC1JyE,reddit
dyf1jgf,Diabeetush,2018-05-04 02:05:35,comment,sjp7c_6xjqs,reddit
dyffso2,Ppppppaul,2018-05-04 07:54:33,comment,wh9SZm6Mojk,reddit
dyfjh43,TonsOfSalt,2018-05-04 10:21:09,comment,3HCFol7g-FU,reddit
dyfrvq6,Bbrhuft,2018-05-04 13:46:05,comment,vDahN6tv1dA,reddit
dyfyidd,poincares_cook,2018-05-04 15:32:58,comment,a3Ga9-s-L0Q,reddit
dyg4hiu,Riggedit,2018-05-04 17:04:47,comment,0EXtHoOi7_4,reddit
dyg4hxd,Riggedit,2018-05-04 17:04:58,comment,0EXtHoOi7_4,reddit
dyg6z5m,SuperCharged2000,2018-05-04 17:43:17,comment,ZWxQHPwoNMk,reddit
dyg6zrc,SuperCharged2000,2018-05-04 17:43:32,comment,ZWxQHPwoNMk,reddit
dygjebk,NottRegular,2018-05-04 21:01:11,comment,3vNwe7yKbwo,reddit
dygn4f4,[deleted],2018-05-04 22:07:42,comment,J2mWdvgCOqs,reddit
dyj7qe7,altkont,2018-05-06 12:33:05,comment,sBmWe5FnSCc,reddit
dyreyuh,Griff87,2018-05-10 16:08:58,comment,jNIp1lZwJts,reddit
dyrftlb,wallfacer_luo,2018-05-10 16:21:32,comment,jNIp1lZwJts,reddit
dytomay,nietzkore,2018-05-11 18:31:45,comment,DCu8mNC1JyE,reddit
dytysyc,Ian56,2018-05-11 21:14:37,comment,DCu8mNC1JyE,reddit
dyu0397,evolution909,2018-05-11 21:37:16,comment,DFesE0q2-_I,reddit
dywuqfw,altkont,2018-05-13 15:28:50,comment,rWdzwKp6RHw,reddit
dyxoag0,pacificbold100,2018-05-14 00:24:15,comment,65iSdP1NGD4,reddit
dyy2p48,Oil_And_Lamps,2018-05-14 05:34:52,comment,T_uY9eMm2qM,reddit
dz378nb,fleebly,2018-05-16 18:53:04,comment,lKiiKtEcx9Q,reddit
dz678vk,apunasatapatapuIobin,2018-05-18 05:20:35,comment,WPGG3P14WWk,reddit
dz8vtaz,commissarg2,2018-05-19 18:06:29,comment,sBmWe5FnSCc,reddit
dzacx29,cicke,2018-05-20 16:01:17,comment,T-66GeoMRW0,reddit
dzadnew,Ollieca616,2018-05-20 16:15:19,comment,T-66GeoMRW0,reddit
dzakr6f,cicke,2018-05-20 18:26:58,comment,OBkn78q_t_Q,reddit
dzp2d59,MenziesTheHeretic,2018-05-28 05:55:00,comment,3vNwe7yKbwo,reddit
dzqvjmf,aymanzone,2018-05-29 03:57:22,comment,yaZRZo9FGQI,reddit
dzua1c3,Smashtray2,2018-05-30 19:53:01,comment,HkHb0E3I80I,reddit
dzubl2b,[deleted],2018-05-30 20:15:46,comment,3vNwe7yKbwo,reddit
dzuj41s,MiltOnTilt,2018-05-30 22:12:01,comment,HkHb0E3I80I,reddit
e012d1f,BabylonNTing,2018-06-03 05:34:47,comment,tvVaG10AEI0,reddit
e0o3rzs,sparkreason,2018-06-14 16:57:03,comment,r4JFcB-sHv8,reddit
e0o57mc,ychirea1,2018-06-14 17:16:58,comment,3vNwe7yKbwo,reddit
e0ofgxa,pepeperezcanyear,2018-06-14 20:00:00,comment,DPgOnD0n9uw,reddit
e0p36le,rigorousintuition,2018-06-15 02:42:50,comment,hoXr3lvoyc4,reddit
e0p6edn,rigorousintuition,2018-06-15 03:46:28,comment,hoXr3lvoyc4,reddit
e0vyh9e,sci_lit,2018-06-18 19:28:43,comment,CJ3KfEdTT3Y,reddit
e0wun0v,rigorousintuition,2018-06-19 04:34:26,comment,hoXr3lvoyc4,reddit
e0x0onm,rigorousintuition,2018-06-19 07:17:56,comment,lC7ZxdFzdzQ,reddit
e0zhxhg,[deleted],2018-06-20 12:50:12,comment,b8bIupYSZeU,reddit
e11mhgy,Tartar666,2018-06-21 12:37:39,comment,ijXYoBTHues,reddit
e11mjxm,Tartar666,2018-06-21 12:38:58,comment,YG9iMYrcFcY,reddit
e11mn26,Tartar666,2018-06-21 12:40:38,comment,SgGNzj6rKqI,reddit
e1epw4z,dammitjenkins20cars,2018-06-27 22:59:33,comment,X27B0yuazGo,reddit
e1gled1,sparkreason,2018-06-28 20:38:18,comment,tseqwNIXhDQ,reddit
e1j0713,Osmium_tetraoxide,2018-06-29 23:53:39,comment,SvjTeuSKTW0,reddit
e1jz01y,veganmark,2018-06-30 15:01:55,comment,3vNwe7yKbwo,reddit
e1x2k4o,Bbrhuft,2018-07-06 22:11:09,comment,yzqYcSkW4No,reddit
e26erzj,kittyhistoryistrue,2018-07-11 06:18:48,comment,HkHb0E3I80I,reddit
e2jrayw,SigmundColumn,2018-07-17 16:15:16,comment,-fJbMWhkTAw,reddit
e2qmdec,SigmundColumn,2018-07-20 18:32:03,comment,-fJbMWhkTAw,reddit
e2r68u5,SwineZero,2018-07-20 23:29:50,comment,jNIp1lZwJts,reddit
e2tib8d,sparkreason,2018-07-22 05:51:28,comment,tseqwNIXhDQ,reddit
e2tmbdx,[deleted],2018-07-22 07:56:57,comment,ytpt4sgoxYI,reddit
e2tq800,TheVainOrphan,2018-07-22 10:28:27,comment,OBkn78q_t_Q,reddit
e2trqyd,danlibbo,2018-07-22 11:27:12,comment,3wj4ncIEDxw,reddit
e2u1m49,zedsdead20,2018-07-22 15:19:01,comment,HkHb0E3I80I,reddit
e2u1mcp,Reddit_Tube_bot,2018-07-22 15:19:08,comment,HkHb0E3I80I,reddit
e2u2fyc,Dissidentt,2018-07-22 15:33:36,comment,3vNwe7yKbwo,reddit
e2u3wvf,Dissidentt,2018-07-22 15:58:57,comment,DCu8mNC1JyE,reddit
e2u5yus,_MooMooTown_,2018-07-22 16:33:42,comment,3wj4ncIEDxw,reddit
e2u7dzv,11-22-1963,2018-07-22 16:57:12,comment,3vNwe7yKbwo,reddit
e2uboc6,oprimo,2018-07-22 18:07:26,comment,NQL3rX6xWRg,reddit
e2uj68q,papagolden,2018-07-22 20:13:43,comment,R6utDs1b_TU,reddit
e2unxuo,MCGA2019,2018-07-22 21:32:14,comment,ytpt4sgoxYI,reddit
e2unyf4,Reddit_Tube_bot,2018-07-22 21:32:31,comment,ytpt4sgoxYI,reddit
e2uu2h4,PKC_Man,2018-07-22 23:17:35,comment,WPGG3P14WWk,reddit
e2uw6wt,JaguarPorsche,2018-07-22 23:56:16,comment,8aAaReVn2I4,reddit
e2uyqic,pegases0,2018-07-23 00:43:15,comment,HkHb0E3I80I,reddit
e2v7bkx,Astrocesped,2018-07-23 03:24:49,comment,3vNwe7yKbwo,reddit
e2vh7aw,NonCred0,2018-07-23 07:33:21,comment,dSG0sZSuanA,reddit
e2vhmrc,NonCred0,2018-07-23 07:47:29,comment,WSBvd9i_jAs,reddit
e2vpso4,Diabeetush,2018-07-23 12:13:08,comment,4oQTWn1JfeA,reddit
e2vpxxd,Diabeetush,2018-07-23 12:16:36,comment,4oQTWn1JfeA,reddit
e2vpy4x,Reddit_Tube_bot,2018-07-23 12:16:44,comment,4oQTWn1JfeA,reddit
e2vzfkc,William_Harzia,2018-07-23 15:09:35,comment,3vNwe7yKbwo,reddit
e2w2spk,friendly2017,2018-07-23 15:59:39,comment,NQL3rX6xWRg,reddit
e2w2yll,elboydo,2018-07-23 16:02:07,comment,-6bGXfM8-gs,reddit
e2wfd2h,delelles,2018-07-23 18:58:37,comment,8TKr4gfR8wM,reddit
e2wjz70,farfiman,2018-07-23 20:04:28,comment,5k6hSS6xBTw,reddit
e2wjzq4,Reddit_Tube_bot,2018-07-23 20:04:41,comment,5k6hSS6xBTw,reddit
e2wstbn,pegases0,2018-07-23 22:15:02,comment,HkHb0E3I80I,reddit
e2yi8uz,elboydo,2018-07-24 18:07:07,comment,-6bGXfM8-gs,reddit
e2zpwx8,LloydWoodsonJr,2018-07-25 05:44:27,comment,9hRy7BPWooo,reddit
e33zgjl,Riggedit,2018-07-27 03:32:29,comment,3vNwe7yKbwo,reddit
e340vd5,rigorousintuition,2018-07-27 03:59:40,comment,hoXr3lvoyc4,reddit
e3564le,upvoatz,2018-07-27 18:07:54,comment,DCu8mNC1JyE,reddit
e3arqpp,SageeDuzit,2018-07-30 16:51:53,comment,lKiiKtEcx9Q,reddit
e3aw13n,SageeDuzit,2018-07-30 17:51:11,comment,b8bIupYSZeU,reddit
e3ih9t6,Raetherin,2018-08-03 02:18:35,comment,2-uUOv7UCkQ,reddit
e3jydqp,sparkreason,2018-08-03 19:25:58,comment,DnnGFgeSoOY,reddit
e3jyf8o,sparkreason,2018-08-03 19:26:18,comment,DnnGFgeSoOY,reddit
e3jyih0,sparkreason,2018-08-03 19:27:40,comment,DnnGFgeSoOY,reddit
e3jyvcs,sparkreason,2018-08-03 19:32:24,comment,DnnGFgeSoOY,reddit
e3s20cr,SigmundColumn,2018-08-07 18:58:15,comment,-fJbMWhkTAw,reddit
e434dgd,ShinigamiSirius,2018-08-13 00:06:30,comment,3vNwe7yKbwo,reddit
e44i98q,goodgirlbadman,2018-08-13 17:46:32,comment,CJ3KfEdTT3Y,reddit
e455u7s,freemarketcommunism,2018-08-13 23:32:33,comment,CJ3KfEdTT3Y,reddit
e47m83t,kit8642,2018-08-15 02:24:18,comment,3vNwe7yKbwo,reddit
e4c0rz5,Player02110,2018-08-17 03:21:19,comment,ytpt4sgoxYI,reddit
e4i5eff,Osmium_tetraoxide,2018-08-20 06:09:02,comment,SvjTeuSKTW0,reddit
e4lw0k9,rigorousintuition,2018-08-22 01:46:50,comment,3vNwe7yKbwo,reddit
e4n4n0k,IronMaverick,2018-08-22 17:12:45,comment,NQL3rX6xWRg,reddit
e4tq4pb,Bbrhuft,2018-08-25 19:48:44,comment,yzqYcSkW4No,reddit
e53hgqx,TheGuardianGI,2018-08-30 14:09:01,comment,tdFHNE8WxOA,reddit
e53hhhe,YTubeInfoBot,2018-08-30 14:09:21,comment,tdFHNE8WxOA,reddit
e57j2ad,BreaukDownPalace,2018-09-01 12:43:22,comment,NupaxXozSCE,reddit
e596xgo,sho666,2018-09-02 06:32:01,comment,Jq4LEIO740A,reddit
e5lr3m6,GerryBlevins,2018-09-08 09:11:45,comment,jfDdcWcRI_Q,reddit
e5q2gl4,Camfella,2018-09-10 14:16:44,comment,qFfGmTgaa0M,reddit
e5qhgn5,Ignition0,2018-09-10 17:53:20,comment,r4JFcB-sHv8,reddit
e5qyjxx,BillyDuvet,2018-09-10 21:52:32,comment,zwQvinmry5U,reddit
e5rcm7h,Alxander-Supertramp,2018-09-11 01:31:10,comment,zxH-eWVltXA,reddit
e5s42u7,DoreM_,2018-09-11 12:34:07,comment,bpiOB5ZCcAA,reddit
e5snn2r,DoreM_,2018-09-11 17:33:09,comment,bpiOB5ZCcAA,reddit
e5tib23,Jeremy_Edwards_20XX,2018-09-12 01:22:40,comment,SvjTeuSKTW0,reddit
e5u9mll,Siilveriius,2018-09-12 12:45:08,comment,OBkn78q_t_Q,reddit
e5vn7ep,cicke,2018-09-13 00:53:32,comment,WPGG3P14WWk,reddit
e5z9qch,Bbrhuft,2018-09-14 18:19:36,comment,UlONZ01SV5w,reddit
e66nb8u,RubRubNub,2018-09-18 09:22:47,comment,2FUpbZXaN9w,reddit
e66ofi4,RubRubNub,2018-09-18 10:04:49,comment,2FUpbZXaN9w,reddit
e67fo0p,illnino4545,2018-09-18 17:54:22,comment,3HCFol7g-FU,reddit
e6hcbu0,PistolKing,2018-09-23 09:11:16,comment,rWdzwKp6RHw,reddit
e6kgm52,Jeremy_Edwards_20XX,2018-09-24 19:57:18,comment,SvjTeuSKTW0,reddit
e6mu5oz,Jeremy_Edwards_20XX,2018-09-25 21:10:38,comment,SvjTeuSKTW0,reddit
e6ym7n5,Markovitch12,2018-10-01 10:59:03,comment,DCu8mNC1JyE,reddit
e7p6rh3,Jeremy_Edwards_20XX,2018-10-13 16:43:49,comment,SvjTeuSKTW0,reddit
e7x17cx,BadNerfAgent,2018-10-17 04:25:05,comment,jNIp1lZwJts,reddit
e8582vl,forseti_,2018-10-20 22:52:11,comment,ktEJ_s9rhp0,reddit
e8d1bgv,cGt2099,2018-10-24 14:50:52,comment,eJRhoL8g0PY,reddit
e8devlp,RyanKinder,2018-10-24 17:56:50,comment,eJRhoL8g0PY,reddit
e8vjxpu,Verum_Dicetur,2018-11-01 21:59:53,comment,Jq4LEIO740A,reddit
e9kkbbf,SigmundColumn,2018-11-12 19:25:36,comment,-fJbMWhkTAw,reddit
e9mbhck,GlennDames,2018-11-13 15:03:56,comment,CCmN6X_7kn0,reddit
e9uhs9q,W41T1NG_F0R_TH3_W0RM,2018-11-16 23:02:12,comment,jZEC6xfBcPM,reddit
e9zt53q,ShinigamiSirius,2018-11-18 21:18:30,comment,3vNwe7yKbwo,reddit
eag0qyx,GerryBlevins,2018-11-25 17:28:23,comment,DnnGFgeSoOY,reddit
eagoqme,Bbrhuft,2018-11-25 22:00:34,comment,yzqYcSkW4No,reddit
eavtr00,Bulbajer,2018-12-01 22:52:59,comment,2FUpbZXaN9w,reddit
eawruey,casapulapula,2018-12-02 08:18:24,comment,2FUpbZXaN9w,reddit
ebdrtre,GlennDames,2018-12-08 21:33:44,comment,CCmN6X_7kn0,reddit
ebds96x,GlennDames,2018-12-08 21:38:55,comment,CCmN6X_7kn0,reddit
ebl7cen,casapulapula,2018-12-11 21:18:59,comment,2FUpbZXaN9w,reddit
ebsy26r,GlennDames,2018-12-14 21:29:21,comment,CCmN6X_7kn0,reddit
ec2qfnr,Gibbit420,2018-12-18 22:59:16,comment,zwQvinmry5U,reddit
ec835ia,GlennDames,2018-12-21 02:32:20,comment,CCmN6X_7kn0,reddit
ec83bad,GlennDames,2018-12-21 02:34:50,comment,CCmN6X_7kn0,reddit
ec83dch,GlennDames,2018-12-21 02:35:42,comment,CCmN6X_7kn0,reddit
ec83geh,GlennDames,2018-12-21 02:36:59,comment,CCmN6X_7kn0,reddit
ec83hxo,GlennDames,2018-12-21 02:37:39,comment,CCmN6X_7kn0,reddit
ec83jtx,GlennDames,2018-12-21 02:38:25,comment,CCmN6X_7kn0,reddit
ec83o5f,GlennDames,2018-12-21 02:40:09,comment,CCmN6X_7kn0,reddit
ec90ti6,High_Tory_Masterrace,2018-12-21 14:04:01,comment,SvjTeuSKTW0,reddit
ecn2o20,FakerFangirl,2018-12-27 06:15:18,comment,G3YfniBHvrE,reddit
ecngi0w,Neldot,2018-12-27 11:58:26,comment,thxkhGqTdPg,reddit
ecqzmrz,LZL0,2018-12-28 19:20:35,comment,9EyGQ9Ijozw,reddit
ecth8fa,martini-meow,2018-12-29 19:07:30,comment,thxkhGqTdPg,reddit
ecvqw3e,Flayed_Angel,2018-12-30 16:51:51,comment,HkHb0E3I80I,reddit
ecwo9ic,Legurian,2018-12-30 23:37:41,comment,b8bIupYSZeU,reddit
ecwpd5k,Legurian,2018-12-30 23:51:47,comment,OBkn78q_t_Q,reddit
ecwpf26,Legurian,2018-12-30 23:52:26,comment,OBkn78q_t_Q,reddit
ecy2mqy,NagevegaN,2018-12-31 14:41:31,comment,3vNwe7yKbwo,reddit
edom60h,GlennDames,2019-01-10 02:50:28,comment,CCmN6X_7kn0,reddit
edr41dv,HowRememberAll,2019-01-10 22:36:40,comment,b8bIupYSZeU,reddit
ee83vsu,Keiichi81,2019-01-16 21:40:10,comment,CJ3KfEdTT3Y,reddit
ee8gcep,ShinigamiSirius,2019-01-16 23:53:04,comment,3vNwe7yKbwo,reddit
ee8ruod,xTYBGx,2019-01-17 02:05:13,comment,3HCFol7g-FU,reddit
ee9nic2,ryz0,2019-01-17 12:23:11,comment,3vNwe7yKbwo,reddit
eevni76,GlennDames,2019-01-24 22:16:41,comment,aIlVHV9hmOM,reddit
ef0t54g,GlennDames,2019-01-26 16:14:27,comment,thxkhGqTdPg,reddit
ef7b3cs,GlennDames,2019-01-28 20:46:02,comment,CCmN6X_7kn0,reddit
efe2qzn,RowBats,2019-01-30 21:19:17,comment,2FUpbZXaN9w,reddit
eg6vzv0,Mongo765,2019-02-11 00:43:10,comment,HkHb0E3I80I,reddit
eggn4k2,High_Tory_Masterrace,2019-02-14 15:32:35,comment,SvjTeuSKTW0,reddit
egi52mn,GlennDames,2019-02-15 02:32:24,comment,aIlVHV9hmOM,reddit
egmznq7,scrabbleddie,2019-02-17 02:50:57,comment,CYflh9ltqDY,reddit
egnx03b,YoringeTBE,2019-02-17 15:05:14,comment,CYflh9ltqDY,reddit
egoxmm1,vepr-12,2019-02-17 23:20:53,comment,CCmN6X_7kn0,reddit
egpllrk,PLUTO_HAS_COME_BACK,2019-02-18 04:55:19,comment,CYflh9ltqDY,reddit
egpn7ly,PLUTO_HAS_COME_BACK,2019-02-18 05:22:48,comment,CYflh9ltqDY,reddit
egs2cba,idan5,2019-02-19 04:06:52,comment,Hc5RuD0KBWk,reddit
egzwzeu,satanarquia,2019-02-22 01:12:28,comment,b8bIupYSZeU,reddit
eh1hbt3,unamedusername,2019-02-22 17:04:03,comment,Rf5e8OCyKZU,reddit
eh1hm48,unamedusername,2019-02-22 17:07:21,comment,Rf5e8OCyKZU,reddit
eh1hu6t,unamedusername,2019-02-22 17:09:54,comment,mBxgZot3U74,reddit
eh4iva8,satanarquia,2019-02-23 20:34:35,comment,b8bIupYSZeU,reddit
ehgv2bp,Tryhardosaurus,2019-02-28 11:46:32,comment,WUbNHtRCo1w,reddit
ehkxndk,JeffBoucher,2019-03-01 20:58:19,comment,tseqwNIXhDQ,reddit
ehkxsze,Bbrhuft,2019-03-01 21:00:03,comment,yzqYcSkW4No,reddit
ehqfuaq,GlennDames,2019-03-04 00:18:57,comment,CCmN6X_7kn0,reddit
ei9cu6y,HungLikeHilDawgTaTas,2019-03-11 05:41:06,comment,3wj4ncIEDxw,reddit
eifuhyw,sparkreason,2019-03-13 16:32:32,comment,DnnGFgeSoOY,reddit
eitq3fy,G_Hosting,2019-03-18 19:55:17,comment,yI2s9Ow2snE,reddit
eitqtbw,Jeyhawker,2019-03-18 20:04:57,comment,3vNwe7yKbwo,reddit
eitqz1d,G_Hosting,2019-03-18 20:06:58,comment,yI2s9Ow2snE,reddit
eitxxdd,Jeyhawker,2019-03-18 21:28:54,comment,3vNwe7yKbwo,reddit
eiu15ce,eli4224,2019-03-18 22:07:08,comment,3vNwe7yKbwo,reddit
ej5qb3f,Fooomanchu,2019-03-22 23:42:25,comment,3vNwe7yKbwo,reddit
ej5qeyo,kingabdullah,2019-03-22 23:43:47,comment,U0v_-hrMHvo,reddit
ej8h0ib,tachyonhorse,2019-03-24 00:45:59,comment,EG6gb31VJHA,reddit
ej9potl,GlennDames,2019-03-24 15:07:36,comment,CCmN6X_7kn0,reddit
ejlzpwt,s1ugg0,2019-03-28 21:46:24,comment,3wj4ncIEDxw,reddit
ejqa1i6,CXiiiv,2019-03-30 12:51:28,comment,3HCFol7g-FU,reddit
ejqzaby,sparkreason,2019-03-30 18:03:30,comment,DnnGFgeSoOY,reddit
ejr44an,sparkreason,2019-03-30 18:58:03,comment,DnnGFgeSoOY,reddit
ejrbffm,sparkreason,2019-03-30 20:26:55,comment,DnnGFgeSoOY,reddit
ejrcxmq,sparkreason,2019-03-30 20:45:59,comment,DnnGFgeSoOY,reddit
ejrj0vp,sparkreason,2019-03-30 21:59:12,comment,r4JFcB-sHv8,reddit
ejrjh1y,sparkreason,2019-03-30 22:04:44,comment,DnnGFgeSoOY,reddit
ejrynof,sparkreason,2019-03-31 01:24:35,comment,DnnGFgeSoOY,reddit
eju4e5c,GlennDames,2019-03-31 22:35:32,comment,3vNwe7yKbwo,reddit
ek99qdw,Law_And_Politics,2019-04-06 16:56:12,comment,SvjTeuSKTW0,reddit
ekq3r1h,chudslayer,2019-04-12 15:54:56,comment,HkHb0E3I80I,reddit
ekr00cb,higurashi7,2019-04-12 21:04:57,comment,wV75b-j2vIQ,reddit
ekry5rl,Torchwood777,2019-04-13 04:19:25,comment,Hc_qNwNuLBo,reddit
el9pdbf,FluidDruid216,2019-04-19 14:36:46,comment,ytpt4sgoxYI,reddit
eluje9y,RenHo3k,2019-04-26 17:32:33,comment,OBkn78q_t_Q,reddit
95u07z,common2law,2018-08-09 06:27:18,submission,yFuJlqKIITw,reddit
98uxxr,MarquisDePaid,2018-08-20 16:12:16,submission,yaZRZo9FGQI,reddit
9aiilu,katakanbr,2018-08-26 20:03:34,submission,IVJGvd59Stc,reddit
9alqqj,2ontrack,2018-08-27 03:42:02,submission,IVJGvd59Stc,reddit
9aohas,614Outlaw,2018-08-27 12:24:14,submission,qu81C4J5Wmc,reddit
9b9o3w,badwhetter,2018-08-29 14:17:19,submission,_h_e19jkeFE,reddit
9ecmec,vahidtaghizadeh54,2018-09-09 12:31:03,submission,BbxB9TdtxBY,reddit
9fk7o3,[deleted],2018-09-13 17:52:30,submission,3vNwe7yKbwo,reddit
9gnizu,KalitorMensa,2018-09-17 19:36:20,submission,XAIH4i_X3lM,reddit
9gq087,fstvmz,2018-09-18 00:39:21,submission,3vNwe7yKbwo,reddit
9hzyxx,EfendiHanum,2018-09-22 14:14:33,submission,2FUpbZXaN9w,reddit
9j4cze,normanbatesmotel,2018-09-26 17:00:46,submission,2FUpbZXaN9w,reddit
9j4d93,normanbatesmotel,2018-09-26 17:01:24,submission,2FUpbZXaN9w,reddit
9j4fah,normanbatesmotel,2018-09-26 17:07:54,submission,2FUpbZXaN9w,reddit
9matox,troysanders006,2018-10-08 01:59:37,submission,3vNwe7yKbwo,reddit
9nnu60,hornedviper9,2018-10-12 20:33:32,submission,s01g7_udqb4,reddit
9nnuh7,hornedviper9,2018-10-12 20:34:32,submission,s01g7_udqb4,reddit
a4ewbg,GlennDames,2018-12-08 21:40:57,submission,CCmN6X_7kn0,reddit
al6tzt,911bodysnatchers322,2019-01-30 00:28:38,submission,zZVidH9NAuQ,reddit
apcgvf,[deleted],2019-02-11 04:22:42,submission,3wj4ncIEDxw,reddit
at37lf,Theveryunfortunate,2019-02-21 13:35:12,submission,SFWowoaem8U,reddit
at37tm,Theveryunfortunate,2019-02-21 13:35:47,submission,SFWowoaem8U,reddit
8anvi3,removalbot,2018-04-08 04:54:14,submission,8LnVHw96jFs,reddit
8anvkl,removalbot,2018-04-08 04:54:39,submission,8LnVHw96jFs,reddit
8anx27,removalbot,2018-04-08 05:03:26,submission,8LnVHw96jFs,reddit
8bq98b,Red_Pilled_at_birth,2018-04-12 13:46:01,submission,OBkn78q_t_Q,reddit
8bqdo8,Red_Pilled_at_birth,2018-04-12 14:03:17,submission,wV75b-j2vIQ,reddit
8bqzgb,OPisAbundleOfTwigs,2018-04-12 15:23:04,submission,3HCFol7g-FU,reddit
8brcpf,veganmark,2018-04-12 16:10:11,submission,3vNwe7yKbwo,reddit
8cd48s,NialElkim,2018-04-15 04:57:50,submission,aWcEF-VAoiA,reddit
8cd64x,NialElkim,2018-04-15 05:09:31,submission,aWcEF-VAoiA,reddit
8cd7s5,NialElkim,2018-04-15 05:19:56,submission,aWcEF-VAoiA,reddit
8cd9bn,NialElkim,2018-04-15 05:30:07,submission,aWcEF-VAoiA,reddit
8cd9jd,NialElkim,2018-04-15 05:31:25,submission,aWcEF-VAoiA,reddit
8cddz2,NialElkim,2018-04-15 06:01:16,submission,aWcEF-VAoiA,reddit
8cod9x,IH8RedditMods,2018-04-16 15:29:22,submission,J2mWdvgCOqs,reddit
8cq5hc,veganmark,2018-04-16 19:13:16,submission,NQL3rX6xWRg,reddit
8cs42w,UncleSamuel_1776,2018-04-16 23:36:58,submission,AwpXLhLUY3A,reddit
8d2wxk,IH8RedditMods,2018-04-18 04:19:27,submission,rBIC-wrAOGQ,reddit
8d2xva,IH8RedditMods,2018-04-18 04:24:07,submission,rBIC-wrAOGQ,reddit
8d318k,IH8RedditMods,2018-04-18 04:42:14,submission,rBIC-wrAOGQ,reddit
8da52c,girlpearl,2018-04-18 23:19:44,submission,jNIp1lZwJts,reddit
8dehbq,peterboykin,2018-04-19 13:05:57,submission,0ZzE6JLChEQ,reddit
8dv1fr,junktex,2018-04-21 10:48:52,submission,yaZRZo9FGQI,reddit
8dws3d,katiekaysayshey,2018-04-21 16:23:44,submission,yaZRZo9FGQI,reddit
8e0298,howsci,2018-04-22 01:09:57,submission,DCu8mNC1JyE,reddit
8e1av1,KalitorMensa,2018-04-22 05:17:14,submission,DCu8mNC1JyE,reddit
8e1w10,normanbatesmotel,2018-04-22 07:46:53,submission,DCu8mNC1JyE,reddit
8e1w3z,normanbatesmotel,2018-04-22 07:47:38,submission,DCu8mNC1JyE,reddit
8e1w6y,normanbatesmotel,2018-04-22 07:48:16,submission,DCu8mNC1JyE,reddit
8e1w9x,normanbatesmotel,2018-04-22 07:48:57,submission,DCu8mNC1JyE,reddit
8e1wdp,normanbatesmotel,2018-04-22 07:49:30,submission,DCu8mNC1JyE,reddit
8e1wfn,normanbatesmotel,2018-04-22 07:50:00,submission,DCu8mNC1JyE,reddit
8e1whr,normanbatesmotel,2018-04-22 07:50:27,submission,DCu8mNC1JyE,reddit
8e1wox,normanbatesmotel,2018-04-22 07:52:10,submission,DCu8mNC1JyE,reddit
8e1wyc,normanbatesmotel,2018-04-22 07:54:20,submission,DCu8mNC1JyE,reddit
8e1x37,normanbatesmotel,2018-04-22 07:55:25,submission,DCu8mNC1JyE,reddit
8e6ez0,annajanek,2018-04-22 21:37:52,submission,DCu8mNC1JyE,reddit
8e7g13,LastDisciple,2018-04-23 00:23:18,submission,EG6gb31VJHA,reddit
8e7gtl,LastDisciple,2018-04-23 00:26:55,submission,EG6gb31VJHA,reddit
8e7h2i,[deleted],2018-04-23 00:28:03,submission,DCu8mNC1JyE,reddit
8eqx3n,Soulburner7,2018-04-25 04:34:51,submission,DCu8mNC1JyE,reddit
8fxesl,peterboykin,2018-04-30 06:10:17,submission,WPGG3P14WWk,reddit
8fxfvd,peterboykin,2018-04-30 06:16:53,submission,WPGG3P14WWk,reddit
8gwusy,HootHootBerns,2018-05-04 05:18:50,submission,0EXtHoOi7_4,reddit
8h2rma,junktex,2018-05-04 21:28:14,submission,0EXtHoOi7_4,reddit
8h9c76,614Outlaw,2018-05-05 18:22:04,submission,pjojUt540Mo,reddit
8hvzd2,badwhetter,2018-05-08 11:36:30,submission,65iSdP1NGD4,reddit
8i2rcs,troysanders006,2018-05-09 03:06:07,submission,Qm3jlUy_EdI,reddit
8ijn2m,BigPictureNews,2018-05-11 00:24:24,submission,BBLSqpP11O8,reddit
8iqpm1,Ian56,2018-05-11 19:59:27,submission,DCu8mNC1JyE,reddit
8iqpor,Ian56,2018-05-11 19:59:38,submission,DCu8mNC1JyE,reddit
8iqprq,Ian56,2018-05-11 19:59:55,submission,DCu8mNC1JyE,reddit
8iqpt3,Ian56,2018-05-11 20:00:00,submission,DCu8mNC1JyE,reddit
8j9z28,Oil_And_Lamps,2018-05-14 05:40:29,submission,T_uY9eMm2qM,reddit
8qkq4u,removalbot,2018-06-12 17:13:54,submission,4oQTWn1JfeA,reddit
8r7t1k,Thetanster,2018-06-15 03:12:48,submission,qFfGmTgaa0M,reddit
8seals,Thetanster,2018-06-20 01:22:19,submission,amtWcEq1XHQ,reddit
8sey02,KalitorMensa,2018-06-20 03:04:19,submission,amtWcEq1XHQ,reddit
8sfr5m,WayneJohnson111,2018-06-20 05:22:41,submission,amtWcEq1XHQ,reddit
8u49dr,JaniceKortkamp,2018-06-26 22:17:25,submission,qdEC3ZY6J3I,reddit
8w1axb,fstvmz,2018-07-04 12:34:14,submission,vPRagJKxED4,reddit
918was,KalitorMensa,2018-07-23 17:10:24,submission,G3YfniBHvrE,reddit
919066,KalitorMensa,2018-07-23 17:22:12,submission,ZR6DnYay5J8,reddit
91cbae,frockman232,2018-07-23 23:51:20,submission,9mGRxWv-15U,reddit
al6tzt,911bodysnatchers322,2019-01-30 00:28:38,submission,rQZwu_ccOhc,reddit
8e7g13,LastDisciple,2018-04-23 00:23:18,submission,SgGNzj6rKqI,reddit
8e7gtl,LastDisciple,2018-04-23 00:26:55,submission,SgGNzj6rKqI,reddit
8qkq4u,removalbot,2018-06-12 17:13:54,submission,J2mWdvgCOqs,reddit
8qkq4u,removalbot,2018-06-12 17:13:54,submission,xR1Vs5fZltY,reddit
8qkq4u,removalbot,2018-06-12 17:13:54,submission,lC7ZxdFzdzQ,reddit
8qkq4u,removalbot,2018-06-12 17:13:54,submission,NQL3rX6xWRg,reddit
dx0va6v,najajomo,2018-04-08 17:08:00,comment,3HCFol7g-FU,reddit
dx0va6v,najajomo,2018-04-08 17:08:00,comment,b8bIupYSZeU,reddit
dx3jhcm,Morgax,2018-04-09 23:26:12,comment,3HCFol7g-FU,reddit
dx3jhcm,Morgax,2018-04-09 23:26:12,comment,OBkn78q_t_Q,reddit
dx5ensk,johnknoefler,2018-04-10 21:23:48,comment,ytpt4sgoxYI,reddit
dx5jgmc,rackham15,2018-04-10 22:40:02,comment,3vNwe7yKbwo,reddit
dx6jaxv,britpool,2018-04-11 12:50:53,comment,8LnVHw96jFs,reddit
dx8ivwt,Jeyhawker,2018-04-12 11:14:47,comment,3vNwe7yKbwo,reddit
dx9pe6t,ShinigamiSirius,2018-04-12 22:46:06,comment,3vNwe7yKbwo,reddit
dx9tclf,Jeyhawker,2018-04-12 23:53:47,comment,3vNwe7yKbwo,reddit
dx9w2it,Mentioned_Videos,2018-04-13 00:40:03,comment,ytpt4sgoxYI,reddit
dx9w2it,Mentioned_Videos,2018-04-13 00:40:03,comment,CJ3KfEdTT3Y,reddit
dx9w2it,Mentioned_Videos,2018-04-13 00:40:03,comment,HIjne4Rwteo,reddit
dx9w2it,Mentioned_Videos,2018-04-13 00:40:03,comment,3vNwe7yKbwo,reddit
dxax3x9,Dude_NL,2018-04-13 15:09:30,comment,qT6IagQ7xos,reddit
dxb59te,mcnastytk,2018-04-13 17:08:35,comment,4oQTWn1JfeA,reddit
dxb59te,mcnastytk,2018-04-13 17:08:35,comment,3HCFol7g-FU,reddit
dxb59te,mcnastytk,2018-04-13 17:08:35,comment,zxH-eWVltXA,reddit
dxbnigv,Mentioned_Videos,2018-04-13 21:50:05,comment,SvjTeuSKTW0,reddit
dxh6eud,sektabox,2018-04-16 22:01:55,comment,8lrwQlYOHWU,reddit
dxi5rsp,autospincasino,2018-04-17 11:31:54,comment,3vNwe7yKbwo,reddit
dyg6z5m,SuperCharged2000,2018-05-04 17:43:17,comment,hoXr3lvoyc4,reddit
dyg6z5m,SuperCharged2000,2018-05-04 17:43:17,comment,NQL3rX6xWRg,reddit
dyg6z5m,SuperCharged2000,2018-05-04 17:43:17,comment,3vNwe7yKbwo,reddit
dyg6z5m,SuperCharged2000,2018-05-04 17:43:17,comment,0EXtHoOi7_4,reddit
dyg6zrc,SuperCharged2000,2018-05-04 17:43:32,comment,hoXr3lvoyc4,reddit
dyg6zrc,SuperCharged2000,2018-05-04 17:43:32,comment,NQL3rX6xWRg,reddit
dyg6zrc,SuperCharged2000,2018-05-04 17:43:32,comment,3vNwe7yKbwo,reddit
dyg6zrc,SuperCharged2000,2018-05-04 17:43:32,comment,0EXtHoOi7_4,reddit
dzakr6f,cicke,2018-05-20 18:26:58,comment,3vNwe7yKbwo,reddit
dzakr6f,cicke,2018-05-20 18:26:58,comment,0ZzE6JLChEQ,reddit
dzakr6f,cicke,2018-05-20 18:26:58,comment,0EXtHoOi7_4,reddit
dzqvjmf,aymanzone,2018-05-29 03:57:22,comment,rWdzwKp6RHw,reddit
e0p36le,rigorousintuition,2018-06-15 02:42:50,comment,3vNwe7yKbwo,reddit
e0p6edn,rigorousintuition,2018-06-15 03:46:28,comment,3vNwe7yKbwo,reddit
e0wun0v,rigorousintuition,2018-06-19 04:34:26,comment,3vNwe7yKbwo,reddit
e1epw4z,dammitjenkins20cars,2018-06-27 22:59:33,comment,3vNwe7yKbwo,reddit
e1jz01y,veganmark,2018-06-30 15:01:55,comment,yaZRZo9FGQI,reddit
e2tmbdx,[deleted],2018-07-22 07:56:57,comment,Rf5e8OCyKZU,reddit
e2tq800,TheVainOrphan,2018-07-22 10:28:27,comment,Rf5e8OCyKZU,reddit
e2w2yll,elboydo,2018-07-23 16:02:07,comment,-fJbMWhkTAw,reddit
e2yi8uz,elboydo,2018-07-24 18:07:07,comment,-fJbMWhkTAw,reddit
e3564le,upvoatz,2018-07-27 18:07:54,comment,0EXtHoOi7_4,reddit
e596xgo,sho666,2018-09-02 06:32:01,comment,qdEC3ZY6J3I,reddit
e5u9mll,Siilveriius,2018-09-12 12:45:08,comment,DPgOnD0n9uw,reddit
e5u9mll,Siilveriius,2018-09-12 12:45:08,comment,Heix4HluG8o,reddit
e5u9mll,Siilveriius,2018-09-12 12:45:08,comment,3qqZPRFfGwg,reddit
e8582vl,forseti_,2018-10-20 22:52:11,comment,nST5TiCd5oc,reddit
egzwzeu,satanarquia,2019-02-22 01:12:28,comment,3vNwe7yKbwo,reddit
egzwzeu,satanarquia,2019-02-22 01:12:28,comment,WPGG3P14WWk,reddit
eh1hbt3,unamedusername,2019-02-22 17:04:03,comment,mBxgZot3U74,reddit
ehkxndk,JeffBoucher,2019-03-01 20:58:19,comment,hoXr3lvoyc4,reddit
ej8h0ib,tachyonhorse,2019-03-24 00:45:59,comment,3HCFol7g-FU,reddit
eju4e5c,GlennDames,2019-03-31 22:35:32,comment,CCmN6X_7kn0,reddit
ekr00cb,higurashi7,2019-04-12 21:04:57,comment,thxkhGqTdPg,reddit
