videoID,video_channel,nodeTime
Zd6bAEMu5Yk,twotwo30Productions,2006-09-22 21:10:44
VU3RHNLzh-I,معاٌ لدعم الدفاع المدني السوري,2014-06-19 10:29:28
tdFHNE8WxOA,ZFront Kharkov UA,2014-07-08 14:28:21
12irnW4FNFY,ODN,2014-07-12 10:25:05
6h0VDhENotI,The Syria Campaign,2014-08-27 12:33:36
LaHBKCUOS3I,The Syria Campaign,2014-08-27 12:34:19
lE-IhXUoAs8,Amjad Wardeh,2014-09-20 10:04:19
sw3NMEyMSTw,The Syria Campaign,2014-11-14 08:45:47
_qRJ7MWy3cQ,CNN,2015-05-22 02:35:00
5k6hSS6xBTw,vanessa beeley,2016-04-29 16:22:30
8aAaReVn2I4,HANDS OFF SYRIA,2016-04-30 05:53:33
Hc_qNwNuLBo,SyrianGirlpartisan,2016-05-05 19:40:34
2ChDjzVL434,"Islam Shia, Español",2016-05-07 18:13:10
mbSpxV6um2o,Gianmarco Ienco,2016-05-09 15:44:29
hnY2hlo0x_M,SyrianGirl War,2016-05-10 19:53:02
HHVMi1i0uCk,UK Column,2016-05-20 09:48:26
vDahN6tv1dA,الدفاع المدني السوري - حلب,2016-05-25 13:46:22
_bcNDAK7GNs,BBC News,2016-06-23 09:17:37
EG6gb31VJHA,Alternative View,2016-06-24 20:04:12
D29J_MqDRBs,TyrannyUnmasked,2016-08-04 00:07:15
0set3MBuXZY,Lars Birkelund,2016-08-10 12:50:37
CROsiG3dtNE,Newsy,2016-08-14 13:37:53
ueuLxyk_mzk,Portal Puyengan,2016-08-21 01:00:39
Zz-FXN9UzLM,Monastery of Mar Yakub in Syria,2016-08-30 05:39:04
3wj4ncIEDxw,Netflix,2016-09-07 12:00:06
4oQTWn1JfeA,HANDS OFF SYRIA,2016-09-14 23:30:38
wh9SZm6Mojk,Naivan Man,2016-09-16 13:14:12
H4b49ozKeWs,Hamza - Slay Your Dragon,2016-09-19 04:00:24
I26iZhyhink,NowThis World,2016-09-22 12:00:03
rBIC-wrAOGQ,BBC News,2016-09-26 16:59:37
ktUjNYqFrDM,AtlanticCouncil,2016-09-27 17:20:31
L04-Ag0z3DM,CNN,2016-09-30 18:50:29
G-1WTsUOeNo,Pascal Hanrion,2016-10-02 16:18:08
ycNy9IYNPUU,ODN,2016-10-03 18:05:38
oMuBn-Pmq70,WrongKindofGreen,2016-10-06 16:02:00
k_bObdZhqyE,RT,2016-10-07 13:05:52
LjHw-CoO6tc,Hamza - Slay Your Dragon,2016-10-07 13:14:01
SgGNzj6rKqI,RT,2016-10-07 17:44:00
xLOw6-VDWyA,AwakeForSyria,2016-10-10 09:45:28
qIlgPOoKgpo,Ripsonar News,2016-10-11 20:58:19
a3Ga9-s-L0Q,Democracy Now!,2016-10-13 16:27:08
ZDhGj8KmMPw,Syria Civil Defence - The White Helmets,2016-10-14 06:50:47
DnnGFgeSoOY,Σίμος Δαλκυριάδης,2016-10-16 08:53:15
ijXYoBTHues,RT,2016-10-19 20:59:20
z4S5i-N9Z90,TyrannyUnmasked,2016-10-19 21:00:12
9CrpTzU15IA,Hamza - Slay Your Dragon,2016-10-22 03:27:26
MSH8pWi0gR0,The Finest,2016-11-05 12:00:02
EFkoPLEV6wA,BBC News,2016-11-09 03:30:41
H16L0p9Dp1k,TEDx Talks,2016-11-18 15:31:57
9rOL7fYyRQo,AwakeForSyria,2016-11-21 16:43:35
AfWiZ8ksD6s,Alternative Narrative,2016-11-21 17:34:13
_qu09EbHvHw,MoonofA,2016-11-21 18:11:17
KJapkgOJp24,"Faruk, Bughaba",2016-11-21 19:49:48
3HCFol7g-FU,HANDS OFF SYRIA,2016-11-22 00:22:01
33seCVRvuwQ,Real World News,2016-11-22 20:42:24
b8bIupYSZeU,RT,2016-11-23 00:37:49
ytpt4sgoxYI,RT,2016-11-25 14:31:42
NOOmEmZO2u8,Darry M,2016-11-26 20:53:31
9EyGQ9Ijozw,Ricky Spanish,2016-11-27 10:32:32
xjTsBiqfLOE,Francesco Abbruzzino w The Scoop,2016-11-28 20:19:57
rC971Xor3sk,In His Grace,2016-12-14 05:46:24
R6utDs1b_TU,Covert Geopolitics,2016-12-14 16:41:12
ePwLzxad-9A,Israeli News Live,2016-12-15 10:28:31
n6OhFiiI0a8,RT en Español,2016-12-15 18:28:17
J2mWdvgCOqs,Real World News,2016-12-15 23:56:36
F7jl8Y3gEWE,Angela Mills-Watson,2016-12-17 01:50:39
K_2lZqdIbz4,Darry M,2016-12-19 12:02:16
OA0wvsJ_68A,SartorialGirl,2016-12-20 20:41:56
xjPpREHEF1Y,vanessa beeley,2016-12-29 06:58:39
T-66GeoMRW0,Parco Lee,2016-12-30 05:51:37
wRWCx4WHW-0,Al-Masdar Español,2017-01-08 23:18:44
zxH-eWVltXA,Saleh Ali,2017-01-09 07:35:19
PnxSs0KQZJI,Andréi Kononov,2017-01-10 18:56:51
BCmWtFbLmnI,The Fing News,2017-01-11 21:54:07
3EcQrxFy4-M,vanessa beeley,2017-01-17 18:40:03
Es7oBV6b43Y,HANDS OFF SYRIA,2017-01-19 21:14:28
tWvMg0xs_dE,Wasfi Massarani,2017-01-20 18:22:08
UxJ4NhvHOb0,Dajjal Magazine,2017-01-21 19:30:40
_CU-d0PtKMo,Al Mayadeen Programs,2017-01-22 19:40:51
OBkn78q_t_Q,vanessa beeley,2017-01-23 05:20:24
-x43bHlPj10,The Truth Is From God,2017-01-26 13:12:39
fl2GLhevruQ,vanessa beeley,2017-02-12 23:09:53
jEsXdal_r6Y,Marco Glowatzki,2017-02-14 12:06:24
92BqudFKwKs,vanessa beeley,2017-02-16 16:52:07
gVmHETENwvo,Syria Civil Defence - The White Helmets,2017-02-20 10:33:48
NOda2UnQuYg,TyrannyUnmasked,2017-02-25 23:30:59
iQb3W4u1JS8,Caleb Stephen,2017-02-26 13:55:36
EJ5uFsEMLGw,Variety,2017-02-27 06:50:35
Rf5e8OCyKZU,RT UK,2017-02-27 12:55:01
L2kjHAHFBA4,RT en Español,2017-02-27 16:09:29
6fTvKrxZuCc,Existentialism.syrian,2017-02-27 19:52:07
wPF2FzDUY0s,RT America,2017-02-27 23:23:44
5OtT5jv7DA8,Curious Bel,2017-02-28 03:11:54
eU1_Ceml-Kw,wil soden,2017-03-02 11:16:48
2-uUOv7UCkQ,Acts17Apologetics,2017-03-03 04:32:29
2iTLm_Bj18Q,Tele Orient,2017-03-06 13:55:37
3GXz9ww7JY4,THE INDICTER Channel,2017-03-06 14:09:10
ijcA3LCKCl0,UK Column News,2017-03-08 19:52:29
q-L429iDtvY,RTQuestionMore,2017-03-09 11:25:27
ZWxQHPwoNMk,Bertrand Riviere,2017-03-11 11:36:05
tseqwNIXhDQ,vanessa beeley,2017-03-11 16:09:11
uy-n2IaA1lM,Music for Peace,2017-03-19 17:18:16
mBxgZot3U74,RT,2017-03-20 20:40:35
J5ivyaEm7Oo,Clarity Of Signal,2017-03-25 22:50:05
xR1Vs5fZltY,Ork Diktator,2017-03-26 16:20:34
_Nrn7paN6nI,vanessa beeley,2017-04-01 13:47:35
Qan6JmHv474,ED Kottner,2017-04-05 11:27:06
RHdY8oeK5ys,Matthew North,2017-04-06 19:45:07
ShmRaDTu3co,Zuroya Chanel,2017-04-07 20:34:36
nJsN9F6XSMY,Habib AbouAkil,2017-04-09 09:45:16
UCHZQ2kNL7g,Matthew North,2017-04-10 23:53:34
H83kWBC2abY,SocialTv Network,2017-04-11 00:41:46
sjp7c_6xjqs,Der Ermittler,2017-04-12 10:54:02
hZmY9YDqsgU,VideoFlix,2017-04-14 20:46:53
hegjw-_J5JU,euronews (in English),2017-04-15 21:17:09
0QfwJ_PyiaU,Extraterrestrial Laboratory,2017-04-17 12:54:02
YIa2v8vlTlg,Non Mirage Truth Vision,2017-04-20 22:20:12
puWcNL8xy3Q,fake.net,2017-04-27 11:30:39
WSBvd9i_jAs,vanessa beeley,2017-05-03 07:14:57
r4JFcB-sHv8,vanessa beeley,2017-05-05 06:31:08
bSl1wT6Q0Lg,vanessa beeley,2017-05-05 08:40:50
W8Kj2gk1ufA,Citizen Truth,2017-05-10 02:22:12
hoXr3lvoyc4,vanessa beeley,2017-05-15 07:33:18
X27B0yuazGo,vanessa beeley,2017-05-26 11:25:08
CJ3KfEdTT3Y,CGTN,2017-06-20 15:59:08
8TKr4gfR8wM,Red Shark Intelligence,2017-06-23 23:03:45
DPgOnD0n9uw,SAA Soldier,2017-06-24 09:27:44
9hRy7BPWooo,RT,2017-06-24 13:45:49
RrH40nCcjwE,Wednesdayy,2017-06-28 21:22:43
LOEbAji9AXI,vanessa beeley,2017-07-02 08:46:31
BNHTOcD-lbY,TEXAS LIBERTY ADVOCATE NETWORK ACTION,2017-07-03 00:59:26
c51AAX-I3eI,UK Column News,2017-07-11 18:26:45
8LnVHw96jFs,SMM Syria,2017-07-26 13:25:14
R6ihyRoj4UI,Proper Gander,2017-08-02 09:54:57
kUSiRWfR0ds,TRT World,2017-08-13 07:08:08
SfRZ_CllNuM,Donna Trumplova,2017-08-18 19:04:23
-6bGXfM8-gs,vanessa beeley,2017-08-19 15:37:37
o5ZeRxyc4h0,الدفاع المدني السوري في محافظة ادلب,2017-08-25 10:52:41
i8uKJoXTLJw,The Real News Network,2017-08-30 04:25:21
EaREJpFHD_Q,Clarity Of Signal,2017-09-01 13:08:16
nG0VEaPFsQY,FurorTV,2017-09-21 16:37:28
Jq4LEIO740A,RT,2017-09-22 15:54:28
PNUTkGvJKtk,vanessa beeley,2017-10-09 09:31:27
Heix4HluG8o,vanessa beeley,2017-10-25 15:54:00
SvjTeuSKTW0,Robert Stuart,2017-10-29 19:01:53
lC7ZxdFzdzQ,Club suisse de la presse,2017-11-28 16:14:34
kgVzykMyVGk,Syriana Analysis,2017-11-28 23:50:27
bQUoGSzVbVU,vanessa beeley,2017-11-30 10:47:06
vPaiy9M29Bw,RT,2017-11-30 13:31:54
-fJbMWhkTAw,vanessa beeley,2017-12-01 15:45:45
wV75b-j2vIQ,Treka Zn,2017-12-02 06:10:41
eSjSk7WYO7o,Qoppa Q,2017-12-03 01:00:37
bcmvMlbo2Vs,goingundergroundRT,2017-12-20 12:00:03
sOg4KwsVY-k,RT America,2017-12-20 22:57:25
iNiKnAYpUYI,HANDS OFF SYRIA,2017-12-21 00:55:17
zwQvinmry5U,THE INDICTER Channel,2018-01-24 23:28:55
yI2s9Ow2snE,vanessa beeley,2018-01-26 12:26:54
TkiU88zeFC4,vanessa beeley,2018-01-27 15:47:49
DNukl5X6GY0,UK Column,2018-02-02 20:00:31
HIjne4Rwteo,Clarity Of Signal,2018-02-04 05:27:49
K_yFDx7Aj9c,Radio Free Europe/Radio Liberty,2018-02-05 11:35:08
HskmZNIbdXM,No Comment TV,2018-02-05 14:58:38
NQL3rX6xWRg,Corbett Report Extras,2018-02-07 15:21:15
bRsolFRsyRk,RonPaulLibertyReport,2018-02-07 17:41:48
3vNwe7yKbwo,corbettreport,2018-02-09 14:12:08
Q0HTQpyXt3I,vanessa beeley,2018-02-09 22:26:50
4FEK1GdURc8,vanessa beeley,2018-02-13 10:49:00
Txja8Z-u_PA,RT America,2018-02-14 02:15:21
MKp227rusWQ,PressTVUK Videos,2018-02-15 15:29:27
gQ3G21bvwdY,Samidon Press,2018-02-17 23:20:28
ApImaMr8sww,syria alikhbaria,2018-02-20 20:43:08
pRC3ag2OSWs,NBC News,2018-02-22 02:12:21
Xxl1yXlDSvw,Ол Ти,2018-02-25 18:11:43
oYMnoL0x8rE,vanessa beeley,2018-02-26 01:39:20
uHfUiw1d1tg,vanessa beeley,2018-02-27 17:54:13
8lrwQlYOHWU,vanessa beeley,2018-02-28 10:46:50
mMdtfVCAdec,vanessa beeley,2018-03-06 15:15:58
3Ie72DKpGdY,Business Insider,2018-03-10 20:00:01
ooi1KktDVcU,Jason Unruhe,2018-03-13 22:00:02
Ux2EROzUIMg,Defenders of the Syrian Arab Republic,2018-03-18 16:38:00
Plv7sjtHk-4,Defenders of the Syrian Arab Republic,2018-03-21 18:46:33
mvD7qhDwljs,vanessa beeley,2018-03-28 19:18:07
glMHykIF2zw,vanessa beeley,2018-03-29 09:27:00
VLMOHhKkrX8,الدفاع المدني السوري في محافظة ادلب,2018-04-01 10:20:17
MkVwKa2LPi0,Syrian Refugees,2018-04-05 22:06:13
ULTR9HQT0ts,Ahmed Ashour,2018-04-07 17:00:53
Az1_uAuFnhE,Ahmed Ashour,2018-04-07 17:05:53
qtz76-SRX9k,PeaceGeeks,2018-04-07 20:09:57
qT6IagQ7xos,Gaurav Mann,2018-04-08 12:37:06
UPWxfDFpBN4,salam channel,2018-04-09 17:53:34
_Taur8r7lGw,Ruptly,2018-04-10 18:15:23
DvTx_EjHf5E,Tu Was,2018-04-11 09:55:55
pbe97rPRbWc,DieBananenrepublik,2018-04-11 12:59:36
vpfz7srLYzs,Fox News,2018-04-11 21:35:48
kzeszWFCFRA,Johnny Red,2018-04-11 23:20:49
uxJRcFM8-vQ,Vesti News,2018-04-12 23:54:51
_Bj5VLVscko,vanessa beeley,2018-04-13 09:45:38
9X8otZT4etw,Alternative Narrative,2018-04-13 11:27:58
yzqYcSkW4No,RT,2018-04-13 13:46:13
pT0odvEQrv8,RT UK,2018-04-13 15:05:07
ZNV1_ZGfQrc,وكالة يونيوز للاخبار,2018-04-13 18:54:01
q7-q2XJAy-I,RT Arabic,2018-04-13 18:59:09
sBmWe5FnSCc,RT,2018-04-13 19:08:22
r-JHyS7Op3g,American Intelligence Media,2018-04-13 19:37:47
IKvt0lqXkTU,Jamarl Thomas,2018-04-13 20:53:32
AwpXLhLUY3A,ABC News,2018-04-14 01:05:24
rzpWQP3KaEw,R&U Videos,2018-04-14 01:37:04
8ypVX_8jqms,Gerhard Wisnewski,2018-04-14 13:45:49
p3wJjK4Kxmo,HANDS OFF SYRIA,2018-04-14 21:03:53
HZBxfFyZOUg,antikriegTV,2018-04-15 02:15:43
tvVaG10AEI0,vanessa beeley,2018-04-15 03:01:39
aWcEF-VAoiA,Nial Elkim,2018-04-15 04:52:19
9M9PtP5x6fE,Hatethemachine,2018-04-15 13:53:39
9LWCblS_mHc,True World Order,2018-04-15 14:23:45
m1_rO3F_jmQ,Нафик Блин,2018-04-15 14:50:30
DL3PJSD_EDg,Pascal Hanrion,2018-04-15 18:19:15
4Ce_JuOWkkc,vanessa beeley,2018-04-16 06:42:09
hcd0wqT9SX4,Sovereign News,2018-04-16 08:55:55
NupaxXozSCE,RT UK,2018-04-16 14:29:16
0Wh1ppnkSag,Future Society,2018-04-16 18:18:57
GWwOX5s2-Yk,Rosario Miritello,2018-04-16 20:03:35
YG9iMYrcFcY,RT,2018-04-16 20:47:00
_sSnhIrpdK0,Ruptly,2018-04-16 23:19:16
zZVidH9NAuQ,The Outer Light,2018-04-17 01:37:49
JcUwPJFxRDQ,SAA Soldier,2018-04-17 02:39:37
5abbm9IGNik,ON Live,2018-04-17 08:12:23
2kX5IFgBWFM,CGTN,2018-04-17 16:00:32
RqNoDQn9LXY,Der Fehlende Part,2018-04-17 16:02:13
jfDdcWcRI_Q,Aramaic Heritage,2018-04-17 19:14:02
q5c4FY2elFY,Ben Swann,2018-04-17 22:01:00
KbHdpAzyxj8,Clarity Of Signal,2018-04-18 01:49:40
LjTw4UEzySw,SAA Soldier,2018-04-18 02:04:09
7R2QhK0-Pe8,GeeGee Tee,2018-04-18 10:38:37
m_XCl7_aUUc,CGTN,2018-04-18 12:13:29
igJz8FAxppc,RT,2018-04-18 14:08:35
npJbbAKyUTk,AP Archive,2018-04-18 16:16:34
QIW005lTkwM,World Peace,2018-04-18 17:10:40
26maJzlYy20,Al Mayadeen Programs,2018-04-18 19:55:35
3tIupmpY7IA,DieBananenrepublik,2018-04-18 21:03:52
ra3q0I1vcew,Hatethemachine,2018-04-18 23:42:05
lKiiKtEcx9Q,LibertyLOL,2018-04-19 02:41:14
Oau4Nkg2yzc,RT UK,2018-04-19 09:35:27
Q1TtlgA7qOo,MLM,2018-04-19 09:37:46
0ZzE6JLChEQ,RT,2018-04-19 11:16:17
WPGG3P14WWk,Sputnik,2018-04-19 11:35:15
jNIp1lZwJts,RT,2018-04-19 12:37:04
OI3-0xIcvgI,russianembassy,2018-04-19 13:55:52
OfoHWGPSX1Q,M&M News UK,2018-04-19 15:16:57
5jCHvtVpdfQ,Vesti News,2018-04-19 16:00:00
AcbIwXDtSYw,RT,2018-04-19 20:55:41
covOXE5Twp4,Brigadeiro e Bacon,2018-04-19 21:00:10
W5Yog6Xx-ao,Drago Victorien,2018-04-20 09:53:52
yaZRZo9FGQI,RT,2018-04-20 13:01:22
_5WGWHwKf-4,HHO Kit HHO Generator Hydrogen Kit,2018-04-20 16:42:26
wzVbdYQDzrI,vanessa beeley,2018-04-20 20:39:02
M7FYar1RGHw,مؤسسة شاهد الإعلامية,2018-04-20 20:46:52
zeDNiY7vAzA,vanessa beeley,2018-04-20 21:32:46
hxIUgNpqjC0,Twiggie Hecate,2018-04-20 23:29:22
L-vuneJ4wss,John Donne Show,2018-04-21 02:40:46
uaa4ULNs0Bo,World News Channel,2018-04-21 05:30:31
pEL4pZFE0Ig,neverlosetruth,2018-04-21 14:27:14
DCu8mNC1JyE,The Jimmy Dore Show,2018-04-22 04:21:44
XH11Co4_1kU,Proletarian TV,2018-04-22 19:33:01
8xepXc4fw0U,SyrianGirlpartisan,2018-04-22 19:52:59
j3CmeHbtyVc,Syrian Girl,2018-04-23 01:05:13
coflLjU59ZY,RT UK,2018-04-23 09:20:52
JI7DZ6VtOCA,RT,2018-04-23 11:31:54
mYEs-rGi4Ww,Russia Insight,2018-04-23 12:05:48
e9P3B0gwd8I,pensioenactivist,2018-04-23 12:29:21
YN9EVXtSyrI,pensioenactivist,2018-04-23 12:36:51
Ca-_YRiRsBk,Vesti News,2018-04-23 15:34:11
DFesE0q2-_I,Gordon Dimmack,2018-04-23 19:59:27
3qqZPRFfGwg,World Affairs,2018-04-25 23:52:32
w-HW7O-RYb4,Tell The Truth,2018-04-26 09:32:33
V3ij6yarUUU,Ruptly,2018-04-26 22:41:48
rWdzwKp6RHw,RT UK,2018-04-27 10:31:53
-ilNuSh1Fgw,Edu e Renan,2018-04-27 18:01:47
IamcFOosbGA,Eva K Bartlett,2018-04-28 09:08:41
p3dYi8GV3Ts,Russian Embassy in Malta,2018-04-28 16:13:20
kcYUShwfQfs,الدفاع المدني السوري حماة,2018-04-29 17:19:26
0SdJhPwtKq8,Gordon Dimmack,2018-05-02 13:34:14
0EXtHoOi7_4,Ben Swann,2018-05-03 18:30:02
vpjO6yDglNs,RT America,2018-05-04 00:54:05
ktEJ_s9rhp0,CBS News,2018-05-04 15:32:16
lWYMsDc-30w,Nizar Abboud,2018-05-04 18:22:08
ghTb4kXaNTI,Step News Agency,2018-05-04 18:34:45
JifBie5ZuuA,Drago Victorien,2018-05-04 18:56:43
_cN53pq82J0,RT Arabic,2018-05-04 19:31:29
Ed-__3Vl_aY,Eva K Bartlett,2018-05-04 20:16:58
N2JgopKUr7I,RT,2018-05-04 20:51:31
w1USXt7xS5k,Jamarl Thomas,2018-05-04 21:12:14
pjojUt540Mo,Lift the Veil,2018-05-04 21:39:48
ldQSXHlUJmM,ZGoldenReport,2018-05-04 21:52:08
vv9ZkFwx11s,RT America,2018-05-05 00:21:00
rQZwu_ccOhc,The Outer Light,2018-05-05 01:13:20
qMpJT2f5Xc8,CBS News,2018-05-05 01:42:01
cKylUtWMLGM,The Last American Vagabond,2018-05-05 17:23:06
JkqlEYvFVB8,تلفزيون أورينت Orient TV,2018-05-06 07:46:59
rd5VZDAWDhw,vanessa beeley,2018-05-06 09:40:12
vFyqYmWb7h0,vanessa beeley,2018-05-06 15:31:39
Q-UD2kmn7J0,Fault Lines Radio,2018-05-07 14:35:14
65iSdP1NGD4,One America News Network,2018-05-07 15:52:53
rmiEyZ9anLQ,vanessa beeley,2018-05-08 09:18:51
NjWvUHAnwWo,vanessa beeley,2018-05-08 09:42:56
Qm3jlUy_EdI,Ben Swann,2018-05-08 18:30:00
bdPLERJjTZ0,RT UK,2018-05-09 12:49:46
E_LNnist2Rk,goingundergroundRT,2018-05-09 13:03:51
BBLSqpP11O8,RT,2018-05-10 14:29:01
kz2XnwSzGXY,RT,2018-05-12 05:15:07
ruHauFmqEn0,vanessa beeley,2018-05-12 08:00:21
BSrGuEmf4f0,goingundergroundRT,2018-05-12 11:32:06
HYWDhpqOmd8,Nikolay Mihov,2018-05-13 08:18:42
su2H0CJ60Oo,antikriegTV,2018-05-13 19:37:08
T_uY9eMm2qM,SoulJa Of GOD,2018-05-13 20:38:43
_r4ZxCl1tSE,The Last American Vagabond,2018-05-15 04:57:26
NWxo5W8pJLY,RT Deutsch,2018-05-15 11:37:07
2YAbkr3R-yU,TheCable,2018-05-19 21:27:12
SkFYz57co8o,vanessa beeley,2018-05-22 16:03:20
DoTiq6qiQMI,Eva K Bartlett,2018-05-22 20:11:43
p3BfAy6QrqY,الدفاع المدني السوري في محافظة ادلب,2018-05-23 09:16:54
yEAdy2lDk_w,vanessa beeley,2018-05-23 15:18:44
nKFuYRWPh4g,InfoStrike,2018-05-24 19:26:20
UoexAWWfbRU,Defenders of the Syrian Arab Republic,2018-05-25 10:36:54
oPyIPPiKxQk,Eva K Bartlett,2018-05-25 15:50:33
wx3I8S9ih1M,Eva K Bartlett,2018-05-26 01:32:37
WOfmK-5CKYg,Al Aan TV تلفزيون الآن,2018-05-26 18:26:29
DTzwn5RBxD4,Eva K Bartlett,2018-05-27 21:45:27
dSG0sZSuanA,vanessa beeley,2018-05-29 12:33:47
HkHb0E3I80I,The Jimmy Dore Show,2018-05-30 08:55:41
pEs3gfn-bkY,الدفاع المدني السوري في محافظة ادلب,2018-06-03 09:12:44
qFfGmTgaa0M,The Last American Vagabond,2018-06-15 01:32:18
37HYNZwgDjk,الدفاع المدني السوري في محافظة ادلب,2018-06-15 07:16:15
O31d9cRuKtE,One America News Network,2018-06-15 15:35:49
oUaukelti6o,RT,2018-06-15 20:11:49
D5REVTpNTPg,RT America,2018-06-15 23:09:18
YP0qetIFOBM,X22Report,2018-06-16 01:04:58
yA68YId0l8g,Israeli News Live,2018-06-16 22:11:03
amtWcEq1XHQ,The Last American Vagabond,2018-06-20 01:19:44
e8-ZQHB3S2E,RT Arabic,2018-06-20 11:26:02
sVZjVhcoCQE,R&U Videos,2018-06-21 07:36:56
Gu-cPhoxlT0,vanessa beeley,2018-06-21 14:49:07
OSvD9eIFDjg,Vesti News,2018-06-22 16:00:03
qdEC3ZY6J3I,HANDS OFF SYRIA,2018-06-25 11:28:56
2L-r54yEaPw,Hatethemachine,2018-07-01 12:49:58
PGXAGlo2IpA,Tom Duggan,2018-07-02 05:56:47
vPRagJKxED4,RT,2018-07-02 13:34:03
Iy2hMApxruw,الدفاع المدني السوري في محافظة ادلب,2018-07-09 07:11:07
fIeHa6Oz7ow,The Duran,2018-07-09 20:57:51
4lJ3kbZ9_T8,Syria TV تلفزيون سوريا,2018-07-16 20:39:27
6N0EqWnAuLs,الدفاع المدني السوري في محافظة ادلب,2018-07-18 13:40:05
9mGRxWv-15U,RT,2018-07-18 16:16:36
6Wj6BPlcW8c,Israeli News Live,2018-07-22 00:45:01
pV-PIuVgAM0,R&U Videos,2018-07-22 03:36:33
_VbV9qVpDaU,TRT World Now,2018-07-22 06:17:09
Pu0Rb5tkITY,CNN,2018-07-22 09:47:39
EV_A1UEFiZI,afpar,2018-07-22 12:21:27
t_WJg4ox9I4,euronews (in English),2018-07-22 12:42:28
G3YfniBHvrE,Syriana Analysis,2018-07-22 13:08:43
MbJyZcsrCqo,اخبار 24,2018-07-22 14:17:30
GkweND9HDAI,CBC News,2018-07-22 15:29:51
lyBO4KWzy2I,AlHadath الحدث,2018-07-22 15:55:01
ktMQeITotCg,Al Jazeera English,2018-07-22 16:18:42
ZR6DnYay5J8,RT,2018-07-22 16:50:37
d7hyJPUhSs8,BBE,2018-07-22 16:59:31
iCDpgOv2STA,RT Arabic,2018-07-22 17:12:35
LnXBzZo_G3Y,CBC News,2018-07-22 17:21:54
HEwzbB5HSe8,Newsy,2018-07-22 18:04:36
1T4A8alBDpw,Ruptly,2018-07-22 18:32:28
s59ZoFqGISg,Israeli News Live,2018-07-22 18:59:16
zonfzISJCZU,World Jewish Congress,2018-07-22 19:51:30
plJ0V8jqelI,نبراس الارض - NBRAS AL2RD ™❶ ᴴᴰ,2018-07-22 21:27:22
7ohNSikrJfI,Alghad TV - قناة الغد,2018-07-22 21:53:35
daXmHZ8Q0Sc,RT Arabic,2018-07-22 21:59:27
TEbHM0aIako,The Last American Vagabond,2018-07-22 22:12:09
spFT9KqxNEQ,CityNews Toronto,2018-07-22 22:24:43
HtPBRggPRoM,CBS News,2018-07-22 23:05:58
59yCfRVPCGA,CGTN America,2018-07-22 23:41:32
sIZgJ3NzMO0,PressTV,2018-07-23 01:40:05
amhn_XH5BdI,TyrannyUnmasked,2018-07-23 02:39:23
0nxII8s2wLs,CBC News: The National,2018-07-23 04:59:54
fj14wkYSSFU,Al Jazeera English,2018-07-23 06:02:17
BUZxTm6xEi4,RT,2018-07-23 11:07:43
Zh20DTD3t4I,RT UK,2018-07-23 12:03:09
-AhzCC-UWn8,فرانس 24 / FRANCE 24 Arabic,2018-07-23 12:27:04
GwDXCRgHOBs,CBC News: The National,2018-07-23 12:43:06
1E8lsdYL6C0,Daily Mail,2018-07-23 12:53:34
B6t1SbUsFyc,CBC News: The National,2018-07-23 13:08:24
cYMFF93Ev4Y,Alex Rolling,2018-07-23 13:14:34
0nm1GUG90qg,Jason Unruhe,2018-07-23 13:14:47
UHLsAXY3JjI,TIME,2018-07-23 13:35:08
Qopv2eq0mNc,South Front,2018-07-23 13:48:51
QD5JvYSqR3o,AFP news agency,2018-07-23 13:48:59
Ci0PUkIK_74,فرانس 24 / FRANCE 24 Arabic,2018-07-23 14:20:10
v7VrKwKIXk4,i24NEWS English,2018-07-23 14:32:48
HFjhUbaAAMk,CBS News,2018-07-23 15:00:03
9cjmX_i6uso,BBC News عربي,2018-07-23 16:02:49
rz2wo9irW6k,RT,2018-07-23 17:50:45
0mOTdETPB18,Al Mayadeen News,2018-07-23 18:55:08
waDOWhRAQuA,Alghad TV - قناة الغد,2018-07-23 19:59:39
EWFk_1snEh0,Dr Marcus Papadopoulos,2018-07-23 20:34:59
o3xZjrLpHus,TruNews,2018-07-23 23:23:17
X-utYbOgHDg,Shema-ministries Jerusalem,2018-07-24 00:22:40
uUZOKTarjsk,An0maly - News Analysis & Hip-hop,2018-07-24 00:49:43
4jmiNoqH2_Y,CBC News: The National,2018-07-24 03:28:07
GfnVgIqTg68,Israeli News Live,2018-07-24 04:00:25
R5eUlw3pf20,RT Deutsch,2018-07-24 10:37:10
qEGq8xejNYs,TRT World Now,2018-07-24 10:53:56
nVratTvQAt8,Vesti News,2018-07-24 16:14:35
6mXXTITdcVo,أحمد حرقان Ahmed Harkan,2018-07-24 16:55:10
XVkhDpOr_-c,afpar,2018-07-24 17:22:10
pzZPzCH4lK4,فرانس 24 / FRANCE 24 Arabic,2018-07-24 18:15:29
b9Q6A-itXuk,i24NEWS English,2018-07-24 18:58:23
eSHSmJB7FBY,الدفاع المدني السوري في محافظة ادلب,2018-07-24 19:55:14
w7Ugi6gS1mg,Press For Truth,2018-07-24 20:54:46
finnh7EUqj8,FRANCE 24 English,2018-07-25 09:35:44
rnpfOkf3YqM,TRT World,2018-07-25 12:48:06
AbuaK_h1Mv8,James Pawson,2018-07-25 21:19:11
UBOnqMaLi7s,اخبار الاردن عوني حدادين Jordan news Ouni Haddadin,2018-07-25 21:25:08
W5DWPs6AY6U,The Duran,2018-07-26 06:50:42
Xc2SyTIm8oM,RT,2018-07-26 09:41:35
afmhFNzAtJ8,Al Mayadeen News,2018-07-26 10:44:20
jogZLYO9FhA,RT UK,2018-07-26 10:51:00
9YFVxWgJKQQ,corbettreport,2018-07-26 14:18:58
sPwkFRwG3vc,PressTV,2018-07-26 22:55:13
kSj88uX5meM,TeN TV,2018-07-27 10:29:10
VC0Wc3b_cUw,The Newsmakers,2018-07-27 11:06:51
38HO20pgEMM,One America News Network,2018-07-27 15:01:40
JCtGqd3HgZQ,Marco Glowatzki,2018-07-27 16:50:31
ylYs67g0l08,syria alikhbaria,2018-07-27 19:04:12
yFuJlqKIITw,X22Report,2018-07-27 20:14:22
O5iABf3Yjbo,Christoph Hörstel,2018-07-27 21:25:49
K8c1upfzZXU,The Last American Vagabond,2018-07-28 00:14:51
sb2f17BcPVY,Al Mayadeen Programs,2018-07-28 06:42:22
Ng7-4tGPmKg,Ruptly,2018-07-28 13:35:02
RM4U0NbmmDk,afpar,2018-07-28 14:37:10
c-13_Hjodq4,Eva K Bartlett,2018-07-29 00:19:02
iS7H4CyvWAY,Enab Baladi,2018-07-29 11:15:23
1dwOWfRnsRg,Eva K Bartlett,2018-07-29 15:47:33
xTjLDQqUFAE,THE INDICTER Channel,2018-07-29 18:45:31
_gfDbrjvA-E,تلفزيون أورينت Orient TV,2018-07-29 19:11:21
ZUS-7W4Gsbs,Billy Joyce,2018-07-30 00:32:37
zsEEzbkkH00,vanessa beeley,2018-07-30 11:19:47
T8M0Uq7kheI,PressTV,2018-07-30 17:33:31
dpuny2eynIM,TruNews,2018-07-30 20:13:45
2Jb_lpdNRU8,Syria TV تلفزيون سوريا,2018-07-31 17:31:33
qtHY1ZoUdWU,The Mind Renewed,2018-08-01 14:11:52
i-zojkbnHfw,SAA Soldier,2018-08-03 11:00:54
usv6FRE1bdg,goingundergroundRT,2018-08-04 11:16:28
EZ3qKG9gnuI,RT,2018-08-04 11:58:24
hr4djTD5LLY,goingundergroundRT,2018-08-04 12:38:32
SNUecbxGLno,goingundergroundRT,2018-08-04 14:04:04
MIn6GjsHlIE,الدفاع المدني السوري في محافظة ادلب,2018-08-08 08:47:17
PddH3mm0LWo,vanessa beeley,2018-08-09 13:24:22
RsXAdJw2oaU,R&U Videos,2018-08-09 17:49:06
Xq2fwjST6co,Israeli News Live,2018-08-12 03:36:02
Ey-Na7wNCNI,vanessa beeley,2018-08-12 07:29:28
oY4e1wyu7rw,الدفاع المدني السوري في محافظة ادلب,2018-08-12 13:57:23
Ml5YUG-Tkh8,الدفاع المدني السوري في محافظة ادلب,2018-08-12 14:27:47
OECM5M-NdD4,Baladi-News Network,2018-08-12 17:14:00
rH9vE0NUJtA,Jason Jones,2018-08-13 02:37:24
5z5BnQYEO10,vanessa beeley,2018-08-13 11:48:45
VqqHH71SHdo,CCN Cross Canada News,2018-08-14 13:36:56
X07-c6KDixs,Baladi-News Network,2018-08-16 11:32:07
d7SSARCvVIc,Jamarl Thomas,2018-08-16 20:38:30
WDAjeDATbfA,PBS NewsHour,2018-08-17 00:38:17
gmXsGO5qcA4,Jason Jones,2018-08-18 03:35:02
8Z9JIRk7vZE,Esoteric The Free,2018-08-18 04:12:26
JtMNpnVuExM,vanessa beeley,2018-08-18 07:23:26
IQPs2mOhlB4,الدفاع المدني السوري في محافظة ادلب,2018-08-18 19:34:54
nggTziXMsHM,Jason Jones,2018-08-22 02:46:31
aCNiog385Z0,Israeli News Live,2018-08-23 03:45:51
IcHJJQ-NyKs,Al Mayadeen News,2018-08-23 13:16:19
-q-6HxUDlT8,Jason Jones,2018-08-25 03:53:59
LuOIwpuEIWc,PressTV Documentaries,2018-08-25 07:21:42
5P-70osfQEk,Al Aan TV تلفزيون الآن,2018-08-26 10:28:51
IVJGvd59Stc,RT,2018-08-26 18:37:50
o6vCzaErVZc,تلفزيون أورينت Orient TV,2018-08-26 18:58:51
dyxJZz9t7vo,Vesti News,2018-08-27 08:45:52
qu81C4J5Wmc,RT,2018-08-27 09:30:13
WF96GgYHy9U,TRT World,2018-08-27 21:56:39
nST5TiCd5oc,RT UK,2018-08-29 09:47:09
1gtUh_XDAjw,الدفاع المدني السوري في محافظة ادلب,2018-08-29 17:48:44
Hc5RuD0KBWk,Ruptly,2018-08-30 12:30:17
YTKcJDQpEpQ,Nizar Abboud,2018-08-30 16:05:52
7edMjIwLg14,RT,2018-08-30 16:28:59
B892eheOepc,Ross Madden,2018-08-31 00:10:05
LQ6wjoVAwHQ,Israeli News Live,2018-08-31 02:10:48
5zF6mrK9KJU,الدفاع المدني السوري في محافظة ادلب,2018-09-03 07:46:41
wzqepx4eT94,الدفاع المدني السوري في محافظة ادلب,2018-09-03 11:22:30
XRKawaGWlDw,David Icke,2018-09-03 11:48:41
jZEC6xfBcPM,RT,2018-09-07 20:02:48
9gXHcOIhB7s,Global Defense & Security,2018-09-08 13:47:24
BbxB9TdtxBY,RT,2018-09-08 17:15:03
_h_e19jkeFE,PressTV,2018-09-08 22:10:57
bpiOB5ZCcAA,الدفاع المدني السوري في محافظة ادلب,2018-09-09 07:41:45
OdKLuCjBOf8,Anadolu Agency,2018-09-09 14:01:45
x960tQNCGsQ,AlHadath الحدث,2018-09-09 14:37:35
Omn6PuX--jM,euronews (عــربي),2018-09-09 15:24:16
oZvWMG_IgPw,AFP news agency,2018-09-11 03:36:47
0KVt9nh015o,RT Arabic,2018-09-11 23:15:00
RkJ6N97cRLs,RT Documentary,2018-09-12 16:23:44
N7kr5ddCuuY,RT America,2018-09-12 23:17:28
CV9eHuJz-WQ,RT America,2018-09-13 00:56:24
UlONZ01SV5w,Vesti News,2018-09-13 21:00:02
JD8_1k4FMes,Jason Unruhe,2018-09-15 16:00:04
2FUpbZXaN9w,The Grayzone,2018-09-16 01:13:46
aprbGp3Ov_E,الدفاع المدني السوري في محافظة ادلب,2018-09-16 15:28:16
mrtY8XKp2Ng,RT,2018-09-16 15:30:00
ycd5DMowsYg,eRic Diffusion,2018-09-16 18:58:22
dUtNmcVBSs0,SAA Soldier,2018-09-16 19:22:13
ZSNP4NEbDWc,Урфин Джюс,2018-09-17 15:04:21
pDA7zNiIMzE,vanessa beeley,2018-09-17 15:41:28
apC2GbSUKYw,Eva K Bartlett,2018-09-17 18:20:05
XAIH4i_X3lM,Israeli News Live,2018-09-17 20:21:23
lM00orelT5I,Vesti News,2018-09-18 06:38:11
NUjQuKgR9pE,الدفاع المدني السوري في محافظة ادلب,2018-09-18 13:01:17
a7OQzsYHICM,الدفاع المدني السوري في محافظة ادلب,2018-09-18 13:30:20
AOjHtNfd7rU,vanessa beeley,2018-09-18 17:36:40
_YrFULMj5qQ,The Last American Vagabond,2018-09-19 23:09:40
5bIJTGJLfkA,Schiller Institute,2018-09-20 16:16:05
eb2bOAe-nHE,وكالة يونيوز للاخبار,2018-09-21 16:13:34
2m_05y1gnlU,Mihaela Bruja,2018-09-22 19:44:42
Ekcm55YzdBg,Jason Unruhe,2018-09-23 09:49:20
pi-byWhJ1M4,الدفاع المدني السوري في محافظة ادلب,2018-09-23 16:11:45
-hYQshfq510,الدفاع المدني السوري في محافظة ادلب,2018-09-25 17:17:52
Lh3cIph9TQ8,الدفاع المدني السوري في محافظة ادلب,2018-09-26 16:10:09
MfGUUJqa1YQ,Al Mayadeen,2018-09-29 07:49:14
30t7zg1RuIs,قناة السورية - أخبار Syrian CH - News,2018-09-29 15:25:18
_x3fqwR13Ak,vanessa beeley,2018-10-02 11:45:55
z1aqnyZhSXY,Stein-Zeit,2018-10-05 08:04:19
zN75sHllSF4,قناة الرايات السود المشرقية - Live Stream,2018-10-06 16:31:35
ft9KE_T7IPc,الدفاع المدني السوري في محافظة ادلب,2018-10-07 06:53:50
4zh2qs-XPMw,Anna News,2018-10-11 19:15:00
TrTYOP2cDAg,RT UK,2018-10-12 07:49:26
s01g7_udqb4,RT,2018-10-12 13:19:03
7-SxPcJecKQ,goingundergroundRT,2018-10-13 10:51:30
2GYNmLYlzKs,Step News Agency,2018-10-14 09:41:04
2fvmKoep3TU,Step News Agency,2018-10-14 13:18:26
bp3bhzp_fm0,vanessa beeley,2018-10-15 10:02:36
Eq6_q8VtuDY,Step News Agency,2018-10-15 11:14:45
Ant7wKcOwao,تلفزيون أورينت Orient TV,2018-10-15 21:38:10
NdrU7z74WoY,الدفاع المدني السوري في محافظة ادلب,2018-10-16 05:32:40
UaVsXee_cqU,تلفزيون أورينت Orient TV,2018-10-16 17:10:35
0jkqASjyN6s,SY Plus,2018-10-18 14:58:53
nC2B-FCjp7w,مـديـنـة حـريـتـان,2018-10-18 16:39:20
dBgcNqtmix8,Al Jazeera Mubasher قناة الجزيرة مباشر,2018-10-19 13:19:12
PJty0RfRMko,تلفزيون أورينت Orient TV,2018-10-19 15:51:52
_gZxGSks8F0,نداء سوريا,2018-10-19 15:52:49
m-ZRCP5GwtA,تلفزيون أورينت Orient TV,2018-10-19 16:41:44
NEG6zaPDzT0,تلفزيون أورينت Orient TV,2018-10-19 17:47:04
v9raTQniPV0,تلفزيون أورينت Orient TV,2018-10-19 18:52:34
QeKb65cLWMg,تلفزيون أورينت Orient TV,2018-10-19 18:52:48
4R_QqdXfgck,تلفزيون أورينت Orient TV,2018-10-19 18:53:27
kM0s4G2Mn3M,MUHAMMAD NAJEM _ محمد نجم,2018-10-19 19:29:50
u83GMxBxmC0,تلفزيون أورينت Orient TV,2018-10-19 20:38:33
v4hCGa3Gk-M,تلفزيون أورينت Orient TV,2018-10-20 11:39:53
qIEXSEBTCbk,الدفاع المدني السوري في محافظة ادلب,2018-10-21 07:56:30
_XmOR6XPm3U,الدفاع المدني السوري في محافظة ادلب,2018-10-21 11:32:41
eJRhoL8g0PY,The Last American Vagabond,2018-10-22 00:43:48
9YTEDjruQEg,الدفاع المدني السوري في محافظة ادلب,2018-10-23 08:39:23
5-AsXuURRiM,SY Plus,2018-10-23 11:52:29
e9FN-X7wTns,UK Column,2018-10-24 13:27:14
74th1MP0xNQ,الدفاع المدني السوري في محافظة ادلب,2018-10-27 09:12:30
tAmSpf7uDTU,RT America,2018-10-29 21:05:33
JJvY8jJemqc,Fault Lines Radio,2018-10-30 14:03:59
k7R8ej5OOc8,RT America,2018-10-30 22:25:21
-K2---X9pqY,Ruptly,2018-10-31 18:24:31
aZQsFdUa-bs,Review Current World News,2018-11-04 06:09:51
h-WDC-cXreQ,vanessa beeley,2018-11-04 08:50:07
mrEHz1d2_ag,Christoph Hörstel,2018-11-04 17:46:22
583duBtI06k,الدفاع المدني السوري في محافظة ادلب,2018-11-06 14:36:09
nFpgkhfAl3k,Foreign & Commonwealth Office,2018-11-06 14:45:22
CCmN6X_7kn0,Clarity Of Signal,2018-11-09 12:25:26
tIPxSWx5qpk,Henry Evans-Tenbrinke,2018-11-11 01:02:28
KBCvIJUtz00,vanessa beeley,2018-12-01 17:34:54
4Q34zjShLSU,Clarity Of Signal,2018-12-03 22:00:26
sn7BKsnEPtE,FARED AL,2018-12-04 14:46:16
pDv3uzYt2PQ,الدفاع المدني السوري في محافظة ادلب,2018-12-05 20:05:01
CLRsB_QJvkI,Billy Joyce,2018-12-11 23:48:33
pfCrPW1x-Uo,rumonline Channel,2018-12-16 14:33:42
4AOUTwmrryA,شبكة آرام الإعلامية ARAM MEDIA,2018-12-17 08:55:16
aZvh47gWfHg,تلفزيون أورينت Orient TV,2018-12-18 15:58:41
OCrY6Q_qZUY,تلفزيون أورينت Orient TV,2018-12-18 16:16:46
YxVBfYQSVUA,تلفزيون أورينت Orient TV,2018-12-18 21:32:18
R_F5kFHJ0fY,تلفزيون أورينت Orient TV,2018-12-18 22:36:13
gbmtPWoyT1o,تلفزيون أورينت Orient TV,2018-12-19 16:25:39
Ik-182Y7ZDs,الدفاع المدني السوري في محافظة ادلب,2018-12-20 16:03:39
thxkhGqTdPg,Ruptly,2018-12-20 20:00:38
bw5pKcUtg8Q,Anon News Feed,2018-12-21 04:25:39
N2oCyYasr6Y,vanessa beeley,2018-12-21 07:46:06
u1DMvyl_pCY,Al Mayadeen News,2018-12-21 12:11:10
I4GfEn5ZYaE,Ruptly,2018-12-21 14:02:06
-GOVSjwtAT0,UK Column,2018-12-21 14:36:41
h2tfPu1PITU,RT Arabic,2018-12-22 20:42:12
Yl5zuFgVGmw,تلفزيون أورينت Orient TV,2018-12-26 20:29:19
VvzfvycIjg4,Red Fight,2018-12-26 21:22:05
NWkBccBtGAw,Craig Mason's Reasonable Conversation Channel,2018-12-27 02:21:23
7uC2PAbH-_4,Films With A Cause,2018-12-31 15:57:20
N45B6h19fk0,Nizar Abboud,2019-01-03 18:49:05
0yG0aeniwhE,Eva K Bartlett,2019-01-05 22:00:57
zZX63gclkPg,تلفزيون أورينت Orient TV,2019-01-06 11:35:20
aHnGD73Dd6E,تلفزيون أورينت Orient TV,2019-01-06 19:35:03
oioo4LMUZeQ,United States Holocaust Memorial Museum,2019-01-07 19:17:38
nWSlhcTR_AY,Gruppe42,2019-01-09 20:41:54
71Q3hYgJGYM,الدفاع المدني السوري في محافظة ادلب,2019-01-16 09:31:07
EmuZAWE-jhA,الدفاع المدني السوري في محافظة ادلب,2019-01-22 10:31:17
PjD0uPjEijg,David Icke,2019-01-23 08:00:04
aIlVHV9hmOM,vanessa beeley,2019-01-24 15:18:21
vgqypzGhozo,الدفاع المدني السوري في محافظة ادلب,2019-01-29 09:32:05
RokRB7tuZiA,الدفاع المدني السوري في محافظة ادلب,2019-01-30 08:52:27
HVw1yPYVNSM,تلفزيون أورينت Orient TV,2019-01-30 20:38:08
TWLYHwgX_-s,sama channel,2019-02-03 19:50:49
dhU15hwLPVg,vanessa beeley,2019-02-06 10:03:55
x7_-qEwurh0,vanessa beeley,2019-02-06 19:48:37
p1quBZBlnsA,Al Jazeera Arabic قناة الجزيرة,2019-02-07 18:28:43
QpVtaK-9tNk,Syria TV تلفزيون سوريا,2019-02-09 20:48:00
C_kMLN-FzBQ,Aunt BB,2019-02-10 07:49:42
CYflh9ltqDY,The Duran,2019-02-17 10:14:51
fQM6t1oSQkE,TCS: The Cognitive Society,2019-02-18 14:08:09
uBRsbUI0mNg,نداء سوريا,2019-02-18 16:34:07
QnMk1on3AOs,Daily Mail,2019-02-19 14:24:58
0m9GGl2ifEY,الدفاع المدني السوري في محافظة ادلب,2019-02-19 16:44:42
68WAONVDWJ8,Jason Jones,2019-02-20 02:47:48
SFWowoaem8U,goingundergroundRT,2019-02-20 12:35:12
JsMWPg9Fca4,goingundergroundRT,2019-02-20 12:35:57
WUbNHtRCo1w,BBC News,2019-02-21 10:41:41
KqDm_Y4AJTM,الدفاع المدني السوري في محافظة ادلب,2019-02-22 18:03:18
9WLrjJ90rQg,UK Column,2019-02-27 14:28:21
71xH3qr3TlU,الدفاع المدني السوري في محافظة ادلب,2019-03-02 20:09:28
8CwoWK6dp_A,تلفزيون أورينت Orient TV,2019-03-02 22:20:42
u1aF_YbypFE,Jason Jones,2019-03-04 02:10:21
jldEZa8Va24,الدفاع المدني السوري في محافظة ادلب,2019-03-07 08:34:12
dvY731S6Tos,تلفزيون أورينت Orient TV,2019-03-08 08:45:01
a2dGyBu70Vc,الدفاع المدني السوري في محافظة ادلب,2019-03-09 19:12:36
9anm4j6BTWM,الدفاع المدني السوري في محافظة ادلب,2019-03-10 09:59:14
6Kb-S9M6bl0,الدفاع المدني السوري في محافظة ادلب,2019-03-11 15:45:32
yp8Ati-uYpM,Drago Victorien,2019-03-12 17:36:51
wPnLTQ5u6u0,Middle East Eye,2019-03-13 19:07:10
aoB5x2u2Xb4,الدفاع المدني السوري في محافظة ادلب,2019-03-13 19:21:15
jhnVzqnLHPc,الدفاع المدني السوري في محافظة ادلب,2019-03-15 07:37:25
MFQorZ_iOIc,vanessa beeley,2019-03-15 09:31:58
PWE7Qvcp0eE,RT,2019-03-15 19:24:15
LCV87eXpiQw,The Last American Vagabond,2019-03-17 18:11:00
mhzGba5KRJ0,الدفاع المدني السوري في محافظة ادلب,2019-03-19 19:12:48
U0v_-hrMHvo,FARED AL,2019-03-22 20:15:54
q_kISdtdRyo,الدفاع المدني السوري في محافظة ادلب,2019-03-25 10:33:16
hTYNUcwpEuo,Ruptly,2019-03-28 11:32:49
n3PzpXgGSuc,الدفاع المدني السوري في محافظة ادلب,2019-03-29 10:13:12
noN_5hd5fyA,sama channel,2019-03-30 11:59:20
YkadFFmtLSY,شبكة الدرر الشامية,2019-03-30 15:45:23
9t4V-XjyLFs,شبكة الدرر الشامية,2019-04-04 16:38:06
Mc3CYYRwY-k,vanessa beeley,2019-04-06 11:39:16
rZONYGhXvvE,الدفاع المدني السوري في محافظة ادلب,2019-04-07 23:15:20
GgJjvkyJegc,الدفاع المدني السوري في محافظة ادلب,2019-04-08 16:03:37
KSeHbaK9chw,HANDS OFF SYRIA,2019-04-14 02:17:19
QJw-PDbihDI,Syria TV تلفزيون سوريا,2019-04-14 11:10:49
QLl5h7tln40,الدفاع المدني السوري في محافظة ادلب,2019-04-14 15:07:11
gqvFF2Ndc10,وكالة داماسكي الإعلامية,2019-04-15 09:41:54
lg_5W5niNok,Sam Steel,2019-04-19 07:09:40
6c0ZpPh5d-Y,South Front,2019-04-22 16:39:08
ZMaEeJcsQgA,الدفاع المدني السوري في محافظة ادلب,2019-04-23 04:58:15
i1PcUS6fS8c,الدفاع المدني السوري في محافظة ادلب,2019-04-24 09:54:17
g6sTQHMrvOY,VOA News,2019-04-24 15:31:59
HOGm-680mjo,الدفاع المدني السوري حماة,2019-04-25 08:50:27
5HH5oHEcVEk,الدفاع المدني السوري في محافظة ادلب,2019-04-29 06:49:10
6USHKH1bPbg,الدفاع المدني السوري في محافظة ادلب,2019-04-29 11:39:28
iRB8iSQd_eA,Jason Unruhe,2019-04-30 22:00:04
